path	@id	schema
/type	https://w3id.org/iliad/odd#variableType	/github/workspace/build/annotated/hosted/seadots/poseidon-model/schema.yaml
/id	@id	https://opengeospatial.github.io/bblocks/annotated-schemas/geo/common/data_types/geojson/schema.yaml
/properties	@nest	https://opengeospatial.github.io/bblocks/annotated-schemas/geo/common/data_types/geojson/schema.yaml
/geometry	https://purl.org/geojson/vocab#geometry	https://opengeospatial.github.io/bblocks/annotated-schemas/geo/common/data_types/geojson/schema.yaml
/geometry/_oneOf/1/type	@type	https://opengeospatial.github.io/bblocks/annotated-schemas/geo/common/data_types/geojson/schema.yaml
/geometry/_oneOf/1/coordinates	https://purl.org/geojson/vocab#coordinates	https://opengeospatial.github.io/bblocks/annotated-schemas/geo/common/data_types/geojson/schema.yaml
/geometry/_oneOf/1/bbox	https://purl.org/geojson/vocab#bbox	https://opengeospatial.github.io/bblocks/annotated-schemas/geo/common/data_types/geojson/schema.yaml
/geometry/_oneOf/2/type	@type	https://opengeospatial.github.io/bblocks/annotated-schemas/geo/common/data_types/geojson/schema.yaml
/geometry/_oneOf/2/coordinates	https://purl.org/geojson/vocab#coordinates	https://opengeospatial.github.io/bblocks/annotated-schemas/geo/common/data_types/geojson/schema.yaml
/geometry/_oneOf/2/bbox	https://purl.org/geojson/vocab#bbox	https://opengeospatial.github.io/bblocks/annotated-schemas/geo/common/data_types/geojson/schema.yaml
/geometry/_oneOf/3/type	@type	https://opengeospatial.github.io/bblocks/annotated-schemas/geo/common/data_types/geojson/schema.yaml
/geometry/_oneOf/3/coordinates	https://purl.org/geojson/vocab#coordinates	https://opengeospatial.github.io/bblocks/annotated-schemas/geo/common/data_types/geojson/schema.yaml
/geometry/_oneOf/3/bbox	https://purl.org/geojson/vocab#bbox	https://opengeospatial.github.io/bblocks/annotated-schemas/geo/common/data_types/geojson/schema.yaml
/geometry/_oneOf/4/type	@type	https://opengeospatial.github.io/bblocks/annotated-schemas/geo/common/data_types/geojson/schema.yaml
/geometry/_oneOf/4/coordinates	https://purl.org/geojson/vocab#coordinates	https://opengeospatial.github.io/bblocks/annotated-schemas/geo/common/data_types/geojson/schema.yaml
/geometry/_oneOf/4/bbox	https://purl.org/geojson/vocab#bbox	https://opengeospatial.github.io/bblocks/annotated-schemas/geo/common/data_types/geojson/schema.yaml
/geometry/_oneOf/5/type	@type	https://opengeospatial.github.io/bblocks/annotated-schemas/geo/common/data_types/geojson/schema.yaml
/geometry/_oneOf/5/coordinates	https://purl.org/geojson/vocab#coordinates	https://opengeospatial.github.io/bblocks/annotated-schemas/geo/common/data_types/geojson/schema.yaml
/geometry/_oneOf/5/bbox	https://purl.org/geojson/vocab#bbox	https://opengeospatial.github.io/bblocks/annotated-schemas/geo/common/data_types/geojson/schema.yaml
/geometry/_oneOf/6/type	@type	https://opengeospatial.github.io/bblocks/annotated-schemas/geo/common/data_types/geojson/schema.yaml
/geometry/_oneOf/6/coordinates	https://purl.org/geojson/vocab#coordinates	https://opengeospatial.github.io/bblocks/annotated-schemas/geo/common/data_types/geojson/schema.yaml
/geometry/_oneOf/6/bbox	https://purl.org/geojson/vocab#bbox	https://opengeospatial.github.io/bblocks/annotated-schemas/geo/common/data_types/geojson/schema.yaml
/geometry/_oneOf/7/type	@type	https://opengeospatial.github.io/bblocks/annotated-schemas/geo/common/data_types/geojson/schema.yaml
/geometry/_oneOf/7/geometries		https://opengeospatial.github.io/bblocks/annotated-schemas/geo/common/data_types/geojson/schema.yaml
/geometry/_oneOf/7/geometries/_oneOf/0/type	@type	https://opengeospatial.github.io/bblocks/annotated-schemas/geo/common/data_types/geojson/schema.yaml
/geometry/_oneOf/7/geometries/_oneOf/0/coordinates	https://purl.org/geojson/vocab#coordinates	https://opengeospatial.github.io/bblocks/annotated-schemas/geo/common/data_types/geojson/schema.yaml
/geometry/_oneOf/7/geometries/_oneOf/0/bbox	https://purl.org/geojson/vocab#bbox	https://opengeospatial.github.io/bblocks/annotated-schemas/geo/common/data_types/geojson/schema.yaml
/geometry/_oneOf/7/geometries/_oneOf/1/type	@type	https://opengeospatial.github.io/bblocks/annotated-schemas/geo/common/data_types/geojson/schema.yaml
/geometry/_oneOf/7/geometries/_oneOf/1/coordinates	https://purl.org/geojson/vocab#coordinates	https://opengeospatial.github.io/bblocks/annotated-schemas/geo/common/data_types/geojson/schema.yaml
/geometry/_oneOf/7/geometries/_oneOf/1/bbox	https://purl.org/geojson/vocab#bbox	https://opengeospatial.github.io/bblocks/annotated-schemas/geo/common/data_types/geojson/schema.yaml
/geometry/_oneOf/7/geometries/_oneOf/2/type	@type	https://opengeospatial.github.io/bblocks/annotated-schemas/geo/common/data_types/geojson/schema.yaml
/geometry/_oneOf/7/geometries/_oneOf/2/coordinates	https://purl.org/geojson/vocab#coordinates	https://opengeospatial.github.io/bblocks/annotated-schemas/geo/common/data_types/geojson/schema.yaml
/geometry/_oneOf/7/geometries/_oneOf/2/bbox	https://purl.org/geojson/vocab#bbox	https://opengeospatial.github.io/bblocks/annotated-schemas/geo/common/data_types/geojson/schema.yaml
/geometry/_oneOf/7/geometries/_oneOf/3/type	@type	https://opengeospatial.github.io/bblocks/annotated-schemas/geo/common/data_types/geojson/schema.yaml
/geometry/_oneOf/7/geometries/_oneOf/3/coordinates	https://purl.org/geojson/vocab#coordinates	https://opengeospatial.github.io/bblocks/annotated-schemas/geo/common/data_types/geojson/schema.yaml
/geometry/_oneOf/7/geometries/_oneOf/3/bbox	https://purl.org/geojson/vocab#bbox	https://opengeospatial.github.io/bblocks/annotated-schemas/geo/common/data_types/geojson/schema.yaml
/geometry/_oneOf/7/geometries/_oneOf/4/type	@type	https://opengeospatial.github.io/bblocks/annotated-schemas/geo/common/data_types/geojson/schema.yaml
/geometry/_oneOf/7/geometries/_oneOf/4/coordinates	https://purl.org/geojson/vocab#coordinates	https://opengeospatial.github.io/bblocks/annotated-schemas/geo/common/data_types/geojson/schema.yaml
/geometry/_oneOf/7/geometries/_oneOf/4/bbox	https://purl.org/geojson/vocab#bbox	https://opengeospatial.github.io/bblocks/annotated-schemas/geo/common/data_types/geojson/schema.yaml
/geometry/_oneOf/7/geometries/_oneOf/5/type	@type	https://opengeospatial.github.io/bblocks/annotated-schemas/geo/common/data_types/geojson/schema.yaml
/geometry/_oneOf/7/geometries/_oneOf/5/coordinates	https://purl.org/geojson/vocab#coordinates	https://opengeospatial.github.io/bblocks/annotated-schemas/geo/common/data_types/geojson/schema.yaml
/geometry/_oneOf/7/geometries/_oneOf/5/bbox	https://purl.org/geojson/vocab#bbox	https://opengeospatial.github.io/bblocks/annotated-schemas/geo/common/data_types/geojson/schema.yaml
/geometry/_oneOf/7/bbox	https://purl.org/geojson/vocab#bbox	https://opengeospatial.github.io/bblocks/annotated-schemas/geo/common/data_types/geojson/schema.yaml
/bbox	https://purl.org/geojson/vocab#bbox	https://opengeospatial.github.io/bblocks/annotated-schemas/geo/common/data_types/geojson/schema.yaml
/links	http://www.w3.org/2000/01/rdf-schema#seeAlso	https://ogcincubator.github.io/bblocks-ogcapi-records/build/annotated/api/records/v1/schemas/recordGeoJSON/schema.yaml
/links/href	http://www.w3.org/ns/oa#hasTarget	https://opengeospatial.github.io/bblocks/annotated-schemas/ogc-utils/json-link/schema.yaml
/links/rel	http://www.iana.org/assignments/relation	https://ogcincubator.github.io/bblocks-ogcapi-records/build/annotated/api/records/v1/schemas/linkBase/schema.yaml
/links/anchor		https://opengeospatial.github.io/bblocks/annotated-schemas/ogc-utils/json-link/schema.yaml
/links/type	http://purl.org/dc/terms/format	https://ogcincubator.github.io/bblocks-ogcapi-records/build/annotated/api/records/v1/schemas/linkBase/schema.yaml
/links/hreflang	http://purl.org/dc/terms/language	https://ogcincubator.github.io/bblocks-ogcapi-records/build/annotated/api/records/v1/schemas/linkBase/schema.yaml
/links/title	http://www.w3.org/2000/01/rdf-schema#label	https://ogcincubator.github.io/bblocks-ogcapi-records/build/annotated/api/records/v1/schemas/linkBase/schema.yaml
/links/length	http://purl.org/dc/terms/extent	https://ogcincubator.github.io/bblocks-ogcapi-records/build/annotated/api/records/v1/schemas/linkBase/schema.yaml
/conformsTo	http://purl.org/dc/terms/conformsTo	https://ogcincubator.github.io/bblocks-ogcapi-records/build/annotated/api/records/v1/schemas/recordGeoJSON/schema.yaml
/time	http://purl.org/dc/terms/temporal	https://ogcincubator.github.io/bblocks-ogcapi-records/build/annotated/api/records/v1/schemas/recordGeoJSON/schema.yaml
/time/_oneOf/1/date		https://ogcincubator.github.io/bblocks-ogcapi-records/build/annotated/api/records/v1/schemas/time/schema.yaml
/time/_oneOf/1/timestamp		https://ogcincubator.github.io/bblocks-ogcapi-records/build/annotated/api/records/v1/schemas/time/schema.yaml
/time/_oneOf/1/interval		https://ogcincubator.github.io/bblocks-ogcapi-records/build/annotated/api/records/v1/schemas/time/schema.yaml
/time/_oneOf/1/resolution		https://ogcincubator.github.io/bblocks-ogcapi-records/build/annotated/api/records/v1/schemas/time/schema.yaml
/properties/created	http://purl.org/dc/terms/created	https://ogcincubator.github.io/bblocks-ogcapi-records/build/annotated/api/records/v1/schemas/recordGeoJSON/schema.yaml
/properties/updated	http://purl.org/dc/terms/modified	https://ogcincubator.github.io/bblocks-ogcapi-records/build/annotated/api/records/v1/schemas/recordGeoJSON/schema.yaml
/properties/type		https://ogcincubator.github.io/bblocks-ogcapi-records/build/annotated/api/records/v1/schemas/recordGeoJSON/schema.yaml
/properties/title	http://purl.org/dc/terms/title	https://ogcincubator.github.io/bblocks-ogcapi-records/build/annotated/api/records/v1/schemas/recordGeoJSON/schema.yaml
/properties/description	http://purl.org/dc/terms/description	https://ogcincubator.github.io/bblocks-ogcapi-records/build/annotated/api/records/v1/schemas/recordGeoJSON/schema.yaml
/properties/keywords	http://www.w3.org/ns/dcat#keyword	https://ogcincubator.github.io/bblocks-ogcapi-records/build/annotated/api/records/v1/schemas/recordGeoJSON/schema.yaml
/properties/language	https://www.opengis.net/def/ogc-api/records/language	https://ogcincubator.github.io/bblocks-ogcapi-records/build/annotated/api/records/v1/schemas/recordGeoJSON/schema.yaml
/properties/language/code		https://ogcincubator.github.io/bblocks-ogcapi-records/build/annotated/api/records/v1/schemas/language/schema.yaml
/properties/language/name		https://ogcincubator.github.io/bblocks-ogcapi-records/build/annotated/api/records/v1/schemas/language/schema.yaml
/properties/language/alternate		https://ogcincubator.github.io/bblocks-ogcapi-records/build/annotated/api/records/v1/schemas/language/schema.yaml
/properties/language/dir		https://ogcincubator.github.io/bblocks-ogcapi-records/build/annotated/api/records/v1/schemas/language/schema.yaml
/properties/languages	https://www.opengis.net/def/ogc-api/records/languages	https://ogcincubator.github.io/bblocks-ogcapi-records/build/annotated/api/records/v1/schemas/recordGeoJSON/schema.yaml
/properties/resourceLanguages	https://www.opengis.net/def/ogc-api/records/resourceLanguages	https://ogcincubator.github.io/bblocks-ogcapi-records/build/annotated/api/records/v1/schemas/recordGeoJSON/schema.yaml
/properties/externalIds	https://www.opengis.net/def/ogc-api/records/scopedIdentifier	https://ogcincubator.github.io/bblocks-ogcapi-records/build/annotated/api/records/v1/schemas/recordGeoJSON/schema.yaml
/properties/externalIds/scheme	https://www.opengis.net/def/ogc-api/records/scheme	https://ogcincubator.github.io/bblocks-ogcapi-records/build/annotated/api/records/v1/schemas/recordGeoJSON/schema.yaml
/properties/externalIds/value	https://www.opengis.net/def/ogc-api/records/id	https://ogcincubator.github.io/bblocks-ogcapi-records/build/annotated/api/records/v1/schemas/recordGeoJSON/schema.yaml
/properties/themes	https://www.opengis.net/def/ogc-api/records/themes	https://ogcincubator.github.io/bblocks-ogcapi-records/build/annotated/api/records/v1/schemas/recordGeoJSON/schema.yaml
/properties/themes/concepts	https://w3id.org/ogc/stac/themes/concepts	https://ogcincubator.github.io/bblocks-ogcapi-records/build/annotated/api/records/v1/schemas/theme/schema.yaml
/properties/themes/concepts/id	https://w3id.org/ogc/stac/themes/id	https://ogcincubator.github.io/bblocks-ogcapi-records/build/annotated/api/records/v1/schemas/theme/schema.yaml
/properties/themes/concepts/title	http://purl.org/dc/terms/title	https://ogcincubator.github.io/bblocks-ogcapi-records/build/annotated/api/records/v1/schemas/theme/schema.yaml
/properties/themes/concepts/description	http://purl.org/dc/terms/description	https://ogcincubator.github.io/bblocks-ogcapi-records/build/annotated/api/records/v1/schemas/theme/schema.yaml
/properties/themes/concepts/url	@id	https://ogcincubator.github.io/bblocks-ogcapi-records/build/annotated/api/records/v1/schemas/theme/schema.yaml
/properties/themes/scheme	https://w3id.org/ogc/stac/themes/scheme	https://ogcincubator.github.io/bblocks-ogcapi-records/build/annotated/api/records/v1/schemas/theme/schema.yaml
/properties/formats	https://www.opengis.net/def/ogc-api/records/format	https://ogcincubator.github.io/bblocks-ogcapi-records/build/annotated/api/records/v1/schemas/recordGeoJSON/schema.yaml
/properties/formats/name	https://www.opengis.net/def/ogc-api/records/name	https://ogcincubator.github.io/bblocks-ogcapi-records/build/annotated/api/records/v1/schemas/recordGeoJSON/schema.yaml
/properties/formats/mediaType	https://www.opengis.net/def/ogc-api/records/mediaType	https://ogcincubator.github.io/bblocks-ogcapi-records/build/annotated/api/records/v1/schemas/recordGeoJSON/schema.yaml
/properties/contacts	http://www.w3.org/ns/dcat#contactPoint	https://ogcincubator.github.io/bblocks-ogcapi-records/build/annotated/api/records/v1/schemas/recordGeoJSON/schema.yaml
/properties/contacts/identifier		https://ogcincubator.github.io/bblocks-ogcapi-records/build/annotated/api/records/v1/schemas/contact/schema.yaml
/properties/contacts/name		https://ogcincubator.github.io/bblocks-ogcapi-records/build/annotated/api/records/v1/schemas/contact/schema.yaml
/properties/contacts/position		https://ogcincubator.github.io/bblocks-ogcapi-records/build/annotated/api/records/v1/schemas/contact/schema.yaml
/properties/contacts/organization		https://ogcincubator.github.io/bblocks-ogcapi-records/build/annotated/api/records/v1/schemas/contact/schema.yaml
/properties/contacts/logo		https://ogcincubator.github.io/bblocks-ogcapi-records/build/annotated/api/records/v1/schemas/contact/schema.yaml
/properties/contacts/logo/rel		https://ogcincubator.github.io/bblocks-ogcapi-records/build/annotated/api/records/v1/schemas/contact/schema.yaml
/properties/contacts/phones		https://ogcincubator.github.io/bblocks-ogcapi-records/build/annotated/api/records/v1/schemas/contact/schema.yaml
/properties/contacts/phones/value		https://ogcincubator.github.io/bblocks-ogcapi-records/build/annotated/api/records/v1/schemas/contact/schema.yaml
/properties/contacts/phones/roles		https://ogcincubator.github.io/bblocks-ogcapi-records/build/annotated/api/records/v1/schemas/contact/schema.yaml
/properties/contacts/emails		https://ogcincubator.github.io/bblocks-ogcapi-records/build/annotated/api/records/v1/schemas/contact/schema.yaml
/properties/contacts/emails/value		https://ogcincubator.github.io/bblocks-ogcapi-records/build/annotated/api/records/v1/schemas/contact/schema.yaml
/properties/contacts/emails/roles		https://ogcincubator.github.io/bblocks-ogcapi-records/build/annotated/api/records/v1/schemas/contact/schema.yaml
/properties/contacts/addresses		https://ogcincubator.github.io/bblocks-ogcapi-records/build/annotated/api/records/v1/schemas/contact/schema.yaml
/properties/contacts/addresses/deliveryPoint		https://ogcincubator.github.io/bblocks-ogcapi-records/build/annotated/api/records/v1/schemas/contact/schema.yaml
/properties/contacts/addresses/city		https://ogcincubator.github.io/bblocks-ogcapi-records/build/annotated/api/records/v1/schemas/contact/schema.yaml
/properties/contacts/addresses/administrativeArea		https://ogcincubator.github.io/bblocks-ogcapi-records/build/annotated/api/records/v1/schemas/contact/schema.yaml
/properties/contacts/addresses/postalCode		https://ogcincubator.github.io/bblocks-ogcapi-records/build/annotated/api/records/v1/schemas/contact/schema.yaml
/properties/contacts/addresses/country		https://ogcincubator.github.io/bblocks-ogcapi-records/build/annotated/api/records/v1/schemas/contact/schema.yaml
/properties/contacts/addresses/roles		https://ogcincubator.github.io/bblocks-ogcapi-records/build/annotated/api/records/v1/schemas/contact/schema.yaml
/properties/contacts/links		https://ogcincubator.github.io/bblocks-ogcapi-records/build/annotated/api/records/v1/schemas/contact/schema.yaml
/properties/contacts/hoursOfService		https://ogcincubator.github.io/bblocks-ogcapi-records/build/annotated/api/records/v1/schemas/contact/schema.yaml
/properties/contacts/contactInstructions		https://ogcincubator.github.io/bblocks-ogcapi-records/build/annotated/api/records/v1/schemas/contact/schema.yaml
/properties/contacts/roles		https://ogcincubator.github.io/bblocks-ogcapi-records/build/annotated/api/records/v1/schemas/contact/schema.yaml
/properties/license	http://www.w3.org/ns/dcat#license	https://ogcincubator.github.io/bblocks-ogcapi-records/build/annotated/api/records/v1/schemas/recordGeoJSON/schema.yaml
/properties/rights	http://www.w3.org/ns/dcat#rights	https://ogcincubator.github.io/bblocks-ogcapi-records/build/annotated/api/records/v1/schemas/recordGeoJSON/schema.yaml
/links/created	http://purl.org/dc/terms/created	https://ogcincubator.github.io/bblocks-ogcapi-records/build/annotated/api/records/v1/schemas/linkBase/schema.yaml
/links/updated	http://purl.org/dc/terms/modified	https://ogcincubator.github.io/bblocks-ogcapi-records/build/annotated/api/records/v1/schemas/linkBase/schema.yaml
/linkTemplates	https://www.opengis.net/def/ogc-api/records/hasLinkTemplate	https://ogcincubator.github.io/bblocks-ogcapi-records/build/annotated/api/records/v1/schemas/recordGeoJSON/schema.yaml
/linkTemplates/uriTemplate	https://www.opengis.net/def/ogc-api/records/uriTemplate	https://ogcincubator.github.io/bblocks-ogcapi-records/build/annotated/api/records/v1/schemas/linkTemplate/schema.yaml
/linkTemplates/varBase	https://www.opengis.net/def/ogc-api/records/varBase	https://ogcincubator.github.io/bblocks-ogcapi-records/build/annotated/api/records/v1/schemas/linkTemplate/schema.yaml
/linkTemplates/variables	https://www.opengis.net/def/ogc-api/records/hasVariable	https://ogcincubator.github.io/bblocks-ogcapi-records/build/annotated/api/records/v1/schemas/linkTemplate/schema.yaml
/properties/odd	https://w3id.org/iliad/odd#	/github/workspace/build/annotated/hosted/seadots/poseidon-model/schema.yaml
/properties/odd/purpose	https://w3id.org/iliad/odd#purpose	https://ogcincubator.github.io/bblocks-seadots/build/annotated/hosted/seadots/odd-protocol/schema.yaml
/properties/odd/patterns	https://w3id.org/iliad/odd#patterns	https://ogcincubator.github.io/bblocks-seadots/build/annotated/hosted/seadots/odd-protocol/schema.yaml
/properties/odd/patterns/name	http://purl.org/dc/terms/title	https://ogcincubator.github.io/bblocks-seadots/build/annotated/hosted/seadots/odd-protocol/schema.yaml
/properties/odd/patterns/description	http://purl.org/dc/terms/description	https://ogcincubator.github.io/bblocks-seadots/build/annotated/hosted/seadots/odd-protocol/schema.yaml
/properties/odd/patterns/reference	http://purl.org/dc/terms/references	https://ogcincubator.github.io/bblocks-seadots/build/annotated/hosted/seadots/odd-protocol/schema.yaml
/properties/odd/entities	https://w3id.org/iliad/odd#entities	https://ogcincubator.github.io/bblocks-seadots/build/annotated/hosted/seadots/odd-protocol/schema.yaml
/properties/odd/entities/name	http://purl.org/dc/terms/title	https://ogcincubator.github.io/bblocks-seadots/build/annotated/hosted/seadots/odd-protocol/schema.yaml
/properties/odd/entities/entityType	https://w3id.org/iliad/odd#entityType	https://ogcincubator.github.io/bblocks-seadots/build/annotated/hosted/seadots/odd-protocol/schema.yaml
/properties/odd/entities/stateVariables	https://w3id.org/iliad/odd#stateVariables	https://ogcincubator.github.io/bblocks-seadots/build/annotated/hosted/seadots/odd-protocol/schema.yaml
/properties/odd/entities/stateVariables/name	http://purl.org/dc/terms/title	https://ogcincubator.github.io/bblocks-seadots/build/annotated/hosted/seadots/odd-protocol/schema.yaml
/properties/odd/entities/stateVariables/type	https://w3id.org/iliad/odd#variableType	https://ogcincubator.github.io/bblocks-seadots/build/annotated/hosted/seadots/odd-protocol/schema.yaml
/properties/odd/entities/stateVariables/unit	http://qudt.org/schema/qudt/unit	https://ogcincubator.github.io/bblocks-seadots/build/annotated/hosted/seadots/odd-protocol/schema.yaml
/properties/odd/entities/stateVariables/range	https://w3id.org/iliad/odd#range	https://ogcincubator.github.io/bblocks-seadots/build/annotated/hosted/seadots/odd-protocol/schema.yaml
/properties/odd/entities/stateVariables/description	http://purl.org/dc/terms/description	https://ogcincubator.github.io/bblocks-seadots/build/annotated/hosted/seadots/odd-protocol/schema.yaml
/properties/odd/entities/stateVariables/vocabularyTerm	http://www.w3.org/2004/02/skos/core#exactMatch	https://ogcincubator.github.io/bblocks-seadots/build/annotated/hosted/seadots/odd-protocol/schema.yaml
/properties/odd/entities/scales	https://w3id.org/iliad/odd#scales	https://ogcincubator.github.io/bblocks-seadots/build/annotated/hosted/seadots/odd-protocol/schema.yaml
/properties/odd/entities/scales/spatial	https://w3id.org/iliad/odd#spatialScale	https://ogcincubator.github.io/bblocks-seadots/build/annotated/hosted/seadots/odd-protocol/schema.yaml
/properties/odd/entities/scales/temporal	https://w3id.org/iliad/odd#temporalScale	https://ogcincubator.github.io/bblocks-seadots/build/annotated/hosted/seadots/odd-protocol/schema.yaml
/properties/odd/processOverview	https://w3id.org/iliad/odd#processOverview	https://ogcincubator.github.io/bblocks-seadots/build/annotated/hosted/seadots/odd-protocol/schema.yaml
/properties/odd/processOverview/scheduling	https://w3id.org/iliad/odd#scheduling	https://ogcincubator.github.io/bblocks-seadots/build/annotated/hosted/seadots/odd-protocol/schema.yaml
/properties/odd/processOverview/processes	https://w3id.org/iliad/odd#processes	https://ogcincubator.github.io/bblocks-seadots/build/annotated/hosted/seadots/odd-protocol/schema.yaml
/properties/odd/processOverview/processes/name	http://purl.org/dc/terms/title	https://ogcincubator.github.io/bblocks-seadots/build/annotated/hosted/seadots/odd-protocol/schema.yaml
/properties/odd/processOverview/processes/executedBy	https://w3id.org/iliad/odd#executedBy	https://ogcincubator.github.io/bblocks-seadots/build/annotated/hosted/seadots/odd-protocol/schema.yaml
/properties/odd/processOverview/processes/description	http://purl.org/dc/terms/description	https://ogcincubator.github.io/bblocks-seadots/build/annotated/hosted/seadots/odd-protocol/schema.yaml
/properties/odd/designConcepts	https://w3id.org/iliad/odd#designConcepts	https://ogcincubator.github.io/bblocks-seadots/build/annotated/hosted/seadots/odd-protocol/schema.yaml
/properties/odd/designConcepts/basicPrinciples	https://w3id.org/iliad/odd#basicPrinciples	https://ogcincubator.github.io/bblocks-seadots/build/annotated/hosted/seadots/odd-protocol/schema.yaml
/properties/odd/designConcepts/emergence	https://w3id.org/iliad/odd#emergence	https://ogcincubator.github.io/bblocks-seadots/build/annotated/hosted/seadots/odd-protocol/schema.yaml
/properties/odd/designConcepts/adaptation	https://w3id.org/iliad/odd#adaptation	https://ogcincubator.github.io/bblocks-seadots/build/annotated/hosted/seadots/odd-protocol/schema.yaml
/properties/odd/designConcepts/objectives	https://w3id.org/iliad/odd#objectives	https://ogcincubator.github.io/bblocks-seadots/build/annotated/hosted/seadots/odd-protocol/schema.yaml
/properties/odd/designConcepts/learning	https://w3id.org/iliad/odd#learning	https://ogcincubator.github.io/bblocks-seadots/build/annotated/hosted/seadots/odd-protocol/schema.yaml
/properties/odd/designConcepts/prediction	https://w3id.org/iliad/odd#prediction	https://ogcincubator.github.io/bblocks-seadots/build/annotated/hosted/seadots/odd-protocol/schema.yaml
/properties/odd/designConcepts/sensing	https://w3id.org/iliad/odd#sensing	https://ogcincubator.github.io/bblocks-seadots/build/annotated/hosted/seadots/odd-protocol/schema.yaml
/properties/odd/designConcepts/interaction	https://w3id.org/iliad/odd#interaction	https://ogcincubator.github.io/bblocks-seadots/build/annotated/hosted/seadots/odd-protocol/schema.yaml
/properties/odd/designConcepts/stochasticity	https://w3id.org/iliad/odd#stochasticity	https://ogcincubator.github.io/bblocks-seadots/build/annotated/hosted/seadots/odd-protocol/schema.yaml
/properties/odd/designConcepts/collectives	https://w3id.org/iliad/odd#collectives	https://ogcincubator.github.io/bblocks-seadots/build/annotated/hosted/seadots/odd-protocol/schema.yaml
/properties/odd/designConcepts/observation	https://w3id.org/iliad/odd#observation	https://ogcincubator.github.io/bblocks-seadots/build/annotated/hosted/seadots/odd-protocol/schema.yaml
/properties/odd/initialization	https://w3id.org/iliad/odd#initialization	https://ogcincubator.github.io/bblocks-seadots/build/annotated/hosted/seadots/odd-protocol/schema.yaml
/properties/odd/initialization/description	http://purl.org/dc/terms/description	https://ogcincubator.github.io/bblocks-seadots/build/annotated/hosted/seadots/odd-protocol/schema.yaml
/properties/odd/initialization/seed	https://w3id.org/iliad/odd#randomSeed	https://ogcincubator.github.io/bblocks-seadots/build/annotated/hosted/seadots/odd-protocol/schema.yaml
/properties/odd/initialization/links	http://www.w3.org/2000/01/rdf-schema#seeAlso	https://ogcincubator.github.io/bblocks-seadots/build/annotated/hosted/seadots/odd-protocol/schema.yaml
/properties/odd/initialization/links/href	https://schema.org/url	https://ogcincubator.github.io/bblocks-seadots/build/annotated/hosted/seadots/odd-protocol/schema.yaml
/properties/odd/initialization/links/title	http://purl.org/dc/terms/title	https://ogcincubator.github.io/bblocks-seadots/build/annotated/hosted/seadots/odd-protocol/schema.yaml
/properties/odd/initialization/links/type	https://w3id.org/iliad/odd#variableType	https://ogcincubator.github.io/bblocks-seadots/build/annotated/hosted/seadots/odd-protocol/schema.yaml
/properties/odd/inputData	https://w3id.org/iliad/odd#inputData	https://ogcincubator.github.io/bblocks-seadots/build/annotated/hosted/seadots/odd-protocol/schema.yaml
/properties/odd/inputData/name	http://purl.org/dc/terms/title	https://ogcincubator.github.io/bblocks-seadots/build/annotated/hosted/seadots/odd-protocol/schema.yaml
/properties/odd/inputData/description	http://purl.org/dc/terms/description	https://ogcincubator.github.io/bblocks-seadots/build/annotated/hosted/seadots/odd-protocol/schema.yaml
/properties/odd/inputData/source	http://www.w3.org/ns/dcat#accessURL	https://ogcincubator.github.io/bblocks-seadots/build/annotated/hosted/seadots/odd-protocol/schema.yaml
/properties/odd/inputData/format	http://purl.org/dc/terms/format	https://ogcincubator.github.io/bblocks-seadots/build/annotated/hosted/seadots/odd-protocol/schema.yaml
/properties/odd/inputData/temporalCoverage	http://purl.org/dc/terms/temporal	https://ogcincubator.github.io/bblocks-seadots/build/annotated/hosted/seadots/odd-protocol/schema.yaml
/properties/odd/inputData/vocabularyTerm	http://www.w3.org/2004/02/skos/core#exactMatch	https://ogcincubator.github.io/bblocks-seadots/build/annotated/hosted/seadots/odd-protocol/schema.yaml
/properties/odd/submodels	https://w3id.org/iliad/odd#submodels	https://ogcincubator.github.io/bblocks-seadots/build/annotated/hosted/seadots/odd-protocol/schema.yaml
/properties/odd/submodels/name	http://purl.org/dc/terms/title	https://ogcincubator.github.io/bblocks-seadots/build/annotated/hosted/seadots/odd-protocol/schema.yaml
/properties/odd/submodels/description	http://purl.org/dc/terms/description	https://ogcincubator.github.io/bblocks-seadots/build/annotated/hosted/seadots/odd-protocol/schema.yaml
/properties/odd/submodels/equations	https://w3id.org/iliad/odd#equations	https://ogcincubator.github.io/bblocks-seadots/build/annotated/hosted/seadots/odd-protocol/schema.yaml
/properties/odd/submodels/parameterization	https://w3id.org/iliad/odd#parameterization	https://ogcincubator.github.io/bblocks-seadots/build/annotated/hosted/seadots/odd-protocol/schema.yaml
/properties/odd/submodels/links	http://www.w3.org/2000/01/rdf-schema#seeAlso	https://ogcincubator.github.io/bblocks-seadots/build/annotated/hosted/seadots/odd-protocol/schema.yaml
/properties/odd/submodels/links/href	https://schema.org/url	https://ogcincubator.github.io/bblocks-seadots/build/annotated/hosted/seadots/odd-protocol/schema.yaml
/properties/odd/submodels/links/rel	https://w3id.org/iliad/odd#linkRel	https://ogcincubator.github.io/bblocks-seadots/build/annotated/hosted/seadots/odd-protocol/schema.yaml
/properties/odd/submodels/links/title	http://purl.org/dc/terms/title	https://ogcincubator.github.io/bblocks-seadots/build/annotated/hosted/seadots/odd-protocol/schema.yaml
/properties/poseidon	https://w3id.org/iliad/seadots/poseidon#metadata	/github/workspace/build/annotated/hosted/seadots/poseidon-model/schema.yaml
/properties/poseidon/modelRole	https://w3id.org/iliad/seadots/poseidon#modelRole	/github/workspace/build/annotated/hosted/seadots/poseidon-model/schema.yaml
/properties/poseidon/publication	http://purl.org/dc/terms/source	/github/workspace/build/annotated/hosted/seadots/poseidon-model/schema.yaml
/properties/poseidon/publication/doi	http://purl.org/ontology/bibo/doi	/github/workspace/build/annotated/hosted/seadots/poseidon-model/schema.yaml
/properties/poseidon/publication/citation	http://purl.org/dc/terms/bibliographicCitation	/github/workspace/build/annotated/hosted/seadots/poseidon-model/schema.yaml
/properties/poseidon/publication/published	http://purl.org/dc/terms/issued	/github/workspace/build/annotated/hosted/seadots/poseidon-model/schema.yaml
/properties/poseidon/publication/license		/github/workspace/build/annotated/hosted/seadots/poseidon-model/schema.yaml
/properties/poseidon/publication/supplementaryMaterial	https://schema.org/encoding	/github/workspace/build/annotated/hosted/seadots/poseidon-model/schema.yaml
/properties/poseidon/publication/supplementaryMaterial/href	https://schema.org/url	/github/workspace/build/annotated/hosted/seadots/poseidon-model/schema.yaml
/properties/poseidon/publication/supplementaryMaterial/rel	https://w3id.org/iliad/odd#linkRel	/github/workspace/build/annotated/hosted/seadots/poseidon-model/schema.yaml
/properties/poseidon/publication/supplementaryMaterial/title	http://purl.org/dc/terms/title	/github/workspace/build/annotated/hosted/seadots/poseidon-model/schema.yaml
/properties/poseidon/publication/supplementaryMaterial/type	https://w3id.org/iliad/odd#variableType	/github/workspace/build/annotated/hosted/seadots/poseidon-model/schema.yaml
/properties/poseidon/policyOptimization	https://w3id.org/iliad/seadots/poseidon#policyOptimization	/github/workspace/build/annotated/hosted/seadots/poseidon-model/schema.yaml
/properties/poseidon/policyOptimization/method	https://w3id.org/iliad/seadots/poseidon#optimizationMethod	/github/workspace/build/annotated/hosted/seadots/poseidon-model/schema.yaml
/properties/poseidon/policyOptimization/objectiveFunction	https://w3id.org/iliad/seadots/poseidon#objectiveFunction	/github/workspace/build/annotated/hosted/seadots/poseidon-model/schema.yaml
/properties/poseidon/policyOptimization/decisionVariables	https://w3id.org/iliad/seadots/poseidon#decisionVariables	/github/workspace/build/annotated/hosted/seadots/poseidon-model/schema.yaml
/properties/poseidon/policyOptimization/decisionVariables/name	http://purl.org/dc/terms/title	/github/workspace/build/annotated/hosted/seadots/poseidon-model/schema.yaml
/properties/poseidon/policyOptimization/decisionVariables/description	http://purl.org/dc/terms/description	/github/workspace/build/annotated/hosted/seadots/poseidon-model/schema.yaml
/properties/poseidon/policyOptimization/decisionVariables/unit	http://qudt.org/schema/qudt/unit	/github/workspace/build/annotated/hosted/seadots/poseidon-model/schema.yaml
/properties/poseidon/policyOptimization/decisionVariables/range	https://w3id.org/iliad/odd#range	/github/workspace/build/annotated/hosted/seadots/poseidon-model/schema.yaml
/properties/poseidon/policyOptimization/outputs	https://w3id.org/iliad/seadots/poseidon#outputs	/github/workspace/build/annotated/hosted/seadots/poseidon-model/schema.yaml
/properties/poseidon/spatialSupport	https://w3id.org/iliad/seadots/poseidon#spatialSupport	/github/workspace/build/annotated/hosted/seadots/poseidon-model/schema.yaml
/properties/poseidon/spatialSupport/stacCollections	https://w3id.org/ogc/stac/Collection	/github/workspace/build/annotated/hosted/seadots/poseidon-model/schema.yaml
/properties/poseidon/spatialSupport/stacCollections/_oneOf/1/stac_extensions	https://w3id.org/ogc/stac/core/hasExtension	https://ogcincubator.github.io/bblocks-stac/build/annotated/contrib/stac/collection/schema.yaml
/properties/poseidon/spatialSupport/stacCollections/_oneOf/1/type	@type	https://ogcincubator.github.io/bblocks-stac/build/annotated/contrib/stac/collection/schema.yaml
/properties/poseidon/spatialSupport/stacCollections/_oneOf/1/id	@id	https://ogcincubator.github.io/bblocks-stac/build/annotated/contrib/stac/collection/schema.yaml
/properties/poseidon/spatialSupport/stacCollections/_oneOf/1/extent	http://purl.org/dc/terms/extent	https://ogcincubator.github.io/bblocks-stac/build/annotated/contrib/stac/collection/schema.yaml
/properties/poseidon/spatialSupport/stacCollections/_oneOf/1/extent/spatial		https://ogcincubator.github.io/bblocks-stac/build/annotated/contrib/stac/collection/schema.yaml
/properties/poseidon/spatialSupport/stacCollections/_oneOf/1/extent/spatial/bbox		https://ogcincubator.github.io/bblocks-stac/build/annotated/contrib/stac/collection/schema.yaml
/properties/poseidon/spatialSupport/stacCollections/_oneOf/1/extent/temporal		https://ogcincubator.github.io/bblocks-stac/build/annotated/contrib/stac/collection/schema.yaml
/properties/poseidon/spatialSupport/stacCollections/_oneOf/1/extent/temporal/interval		https://ogcincubator.github.io/bblocks-stac/build/annotated/contrib/stac/collection/schema.yaml
/properties/poseidon/spatialSupport/stacCollections/_oneOf/1/item_assets		https://ogcincubator.github.io/bblocks-stac/build/annotated/contrib/stac/collection/schema.yaml
/properties/poseidon/spatialSupport/stacCollections/_oneOf/1/item_assets/href		https://ogcincubator.github.io/bblocks-stac/build/annotated/contrib/stac/collection/schema.yaml
/properties/poseidon/spatialSupport/stacCollections/_oneOf/1/item_assets/title	http://purl.org/dc/terms/title	https://ogcincubator.github.io/bblocks-stac/build/annotated/contrib/stac/collection/schema.yaml
/properties/poseidon/spatialSupport/stacCollections/_oneOf/1/item_assets/description	http://purl.org/dc/terms/description	https://ogcincubator.github.io/bblocks-stac/build/annotated/contrib/stac/collection/schema.yaml
/properties/poseidon/spatialSupport/stacCollections/_oneOf/1/item_assets/type	@type	https://ogcincubator.github.io/bblocks-stac/build/annotated/contrib/stac/collection/schema.yaml
/properties/poseidon/spatialSupport/stacCollections/_oneOf/1/item_assets/roles		https://ogcincubator.github.io/bblocks-stac/build/annotated/contrib/stac/collection/schema.yaml
/properties/poseidon/spatialSupport/stacCollections/_oneOf/1/item_assets/keywords		https://schemas.stacspec.org/v1.1.0/item-spec/json-schema/basics.json
/properties/poseidon/spatialSupport/stacCollections/_oneOf/1/item_assets/bands		https://schemas.stacspec.org/v1.1.0/item-spec/json-schema/bands.json
/properties/poseidon/spatialSupport/stacCollections/_oneOf/1/item_assets/bands/datetime		https://schemas.stacspec.org/v1.1.0/item-spec/json-schema/datetime.json
/properties/poseidon/spatialSupport/stacCollections/_oneOf/1/item_assets/bands/start_datetime		https://schemas.stacspec.org/v1.1.0/item-spec/json-schema/datetime.json
/properties/poseidon/spatialSupport/stacCollections/_oneOf/1/item_assets/bands/end_datetime		https://schemas.stacspec.org/v1.1.0/item-spec/json-schema/datetime.json
/properties/poseidon/spatialSupport/stacCollections/_oneOf/1/item_assets/bands/created		https://schemas.stacspec.org/v1.1.0/item-spec/json-schema/datetime.json
/properties/poseidon/spatialSupport/stacCollections/_oneOf/1/item_assets/bands/updated		https://schemas.stacspec.org/v1.1.0/item-spec/json-schema/datetime.json
/properties/poseidon/spatialSupport/stacCollections/_oneOf/1/item_assets/bands/data_type		https://schemas.stacspec.org/v1.1.0/item-spec/json-schema/data-values.json
/properties/poseidon/spatialSupport/stacCollections/_oneOf/1/item_assets/bands/nodata		https://schemas.stacspec.org/v1.1.0/item-spec/json-schema/data-values.json
/properties/poseidon/spatialSupport/stacCollections/_oneOf/1/item_assets/bands/statistics		https://schemas.stacspec.org/v1.1.0/item-spec/json-schema/data-values.json
/properties/poseidon/spatialSupport/stacCollections/_oneOf/1/item_assets/bands/statistics/minimum		https://schemas.stacspec.org/v1.1.0/item-spec/json-schema/data-values.json
/properties/poseidon/spatialSupport/stacCollections/_oneOf/1/item_assets/bands/statistics/maximum		https://schemas.stacspec.org/v1.1.0/item-spec/json-schema/data-values.json
/properties/poseidon/spatialSupport/stacCollections/_oneOf/1/item_assets/bands/statistics/mean		https://schemas.stacspec.org/v1.1.0/item-spec/json-schema/data-values.json
/properties/poseidon/spatialSupport/stacCollections/_oneOf/1/item_assets/bands/statistics/stddev		https://schemas.stacspec.org/v1.1.0/item-spec/json-schema/data-values.json
/properties/poseidon/spatialSupport/stacCollections/_oneOf/1/item_assets/bands/statistics/count		https://schemas.stacspec.org/v1.1.0/item-spec/json-schema/data-values.json
/properties/poseidon/spatialSupport/stacCollections/_oneOf/1/item_assets/bands/statistics/valid_percent		https://schemas.stacspec.org/v1.1.0/item-spec/json-schema/data-values.json
/properties/poseidon/spatialSupport/stacCollections/_oneOf/1/item_assets/bands/unit		https://schemas.stacspec.org/v1.1.0/item-spec/json-schema/data-values.json
/properties/poseidon/spatialSupport/stacCollections/_oneOf/1/item_assets/bands/platform		https://schemas.stacspec.org/v1.1.0/item-spec/json-schema/instrument.json
/properties/poseidon/spatialSupport/stacCollections/_oneOf/1/item_assets/bands/instruments		https://schemas.stacspec.org/v1.1.0/item-spec/json-schema/instrument.json
/properties/poseidon/spatialSupport/stacCollections/_oneOf/1/item_assets/bands/constellation		https://schemas.stacspec.org/v1.1.0/item-spec/json-schema/instrument.json
/properties/poseidon/spatialSupport/stacCollections/_oneOf/1/item_assets/bands/mission		https://schemas.stacspec.org/v1.1.0/item-spec/json-schema/instrument.json
/properties/poseidon/spatialSupport/stacCollections/_oneOf/1/item_assets/bands/gsd		https://schemas.stacspec.org/v1.1.0/item-spec/json-schema/instrument.json
/properties/poseidon/spatialSupport/stacCollections/_oneOf/1/item_assets/bands/license		https://schemas.stacspec.org/v1.1.0/item-spec/json-schema/licensing.json
/properties/poseidon/spatialSupport/stacCollections/_oneOf/1/item_assets/bands/providers		https://schemas.stacspec.org/v1.1.0/item-spec/json-schema/provider.json
/properties/poseidon/spatialSupport/stacCollections/_oneOf/1/item_assets/bands/providers/name		https://schemas.stacspec.org/v1.1.0/item-spec/json-schema/provider.json
/properties/poseidon/spatialSupport/stacCollections/_oneOf/1/item_assets/bands/providers/description		https://schemas.stacspec.org/v1.1.0/item-spec/json-schema/provider.json
/properties/poseidon/spatialSupport/stacCollections/_oneOf/1/item_assets/bands/providers/roles		https://schemas.stacspec.org/v1.1.0/item-spec/json-schema/provider.json
/properties/poseidon/spatialSupport/stacCollections/_oneOf/1/item_assets/bands/providers/url		https://schemas.stacspec.org/v1.1.0/item-spec/json-schema/provider.json
/properties/poseidon/spatialSupport/stacCollections/_oneOf/1/item_assets/bands/name		https://schemas.stacspec.org/v1.1.0/item-spec/json-schema/bands.json
/properties/poseidon/spatialSupport/stacCollections/_oneOf/1/links	http://www.w3.org/2000/01/rdf-schema#seeAlso	https://ogcincubator.github.io/bblocks-stac/build/annotated/contrib/stac/collection/schema.yaml
/properties/poseidon/spatialSupport/stacCollections/_oneOf/1/summaries		https://ogcincubator.github.io/bblocks-stac/build/annotated/contrib/stac/collection/schema.yaml
/properties/poseidon/spatialSupport/stacCollections/_oneOf/1/summaries/_anyOf/0/$id		http://json-schema.org/draft-07/schema
/properties/poseidon/spatialSupport/stacCollections/_oneOf/1/summaries/_anyOf/0/$schema		http://json-schema.org/draft-07/schema
/properties/poseidon/spatialSupport/stacCollections/_oneOf/1/summaries/_anyOf/0/$ref		http://json-schema.org/draft-07/schema
/properties/poseidon/spatialSupport/stacCollections/_oneOf/1/summaries/_anyOf/0/$comment		http://json-schema.org/draft-07/schema
/properties/poseidon/spatialSupport/stacCollections/_oneOf/1/summaries/_anyOf/0/title		http://json-schema.org/draft-07/schema
/properties/poseidon/spatialSupport/stacCollections/_oneOf/1/summaries/_anyOf/0/description		http://json-schema.org/draft-07/schema
/properties/poseidon/spatialSupport/stacCollections/_oneOf/1/summaries/_anyOf/0/default		http://json-schema.org/draft-07/schema
/properties/poseidon/spatialSupport/stacCollections/_oneOf/1/summaries/_anyOf/0/readOnly		http://json-schema.org/draft-07/schema
/properties/poseidon/spatialSupport/stacCollections/_oneOf/1/summaries/_anyOf/0/writeOnly		http://json-schema.org/draft-07/schema
/properties/poseidon/spatialSupport/stacCollections/_oneOf/1/summaries/_anyOf/0/examples		http://json-schema.org/draft-07/schema
/properties/poseidon/spatialSupport/stacCollections/_oneOf/1/summaries/_anyOf/0/multipleOf		http://json-schema.org/draft-07/schema
/properties/poseidon/spatialSupport/stacCollections/_oneOf/1/summaries/_anyOf/0/maximum		http://json-schema.org/draft-07/schema
/properties/poseidon/spatialSupport/stacCollections/_oneOf/1/summaries/_anyOf/0/exclusiveMaximum		http://json-schema.org/draft-07/schema
/properties/poseidon/spatialSupport/stacCollections/_oneOf/1/summaries/_anyOf/0/minimum		http://json-schema.org/draft-07/schema
/properties/poseidon/spatialSupport/stacCollections/_oneOf/1/summaries/_anyOf/0/exclusiveMinimum		http://json-schema.org/draft-07/schema
/properties/poseidon/spatialSupport/stacCollections/_oneOf/1/summaries/_anyOf/0/maxLength		http://json-schema.org/draft-07/schema
/properties/poseidon/spatialSupport/stacCollections/_oneOf/1/summaries/_anyOf/0/minLength		http://json-schema.org/draft-07/schema
/properties/poseidon/spatialSupport/stacCollections/_oneOf/1/summaries/_anyOf/0/pattern		http://json-schema.org/draft-07/schema
/properties/poseidon/spatialSupport/stacCollections/_oneOf/1/summaries/_anyOf/0/additionalItems		http://json-schema.org/draft-07/schema
/properties/poseidon/spatialSupport/stacCollections/_oneOf/1/summaries/_anyOf/0/items		http://json-schema.org/draft-07/schema
/properties/poseidon/spatialSupport/stacCollections/_oneOf/1/summaries/_anyOf/0/maxItems		http://json-schema.org/draft-07/schema
/properties/poseidon/spatialSupport/stacCollections/_oneOf/1/summaries/_anyOf/0/minItems		http://json-schema.org/draft-07/schema
/properties/poseidon/spatialSupport/stacCollections/_oneOf/1/summaries/_anyOf/0/uniqueItems		http://json-schema.org/draft-07/schema
/properties/poseidon/spatialSupport/stacCollections/_oneOf/1/summaries/_anyOf/0/contains		http://json-schema.org/draft-07/schema
/properties/poseidon/spatialSupport/stacCollections/_oneOf/1/summaries/_anyOf/0/maxProperties		http://json-schema.org/draft-07/schema
/properties/poseidon/spatialSupport/stacCollections/_oneOf/1/summaries/_anyOf/0/minProperties		http://json-schema.org/draft-07/schema
/properties/poseidon/spatialSupport/stacCollections/_oneOf/1/summaries/_anyOf/0/required		http://json-schema.org/draft-07/schema
/properties/poseidon/spatialSupport/stacCollections/_oneOf/1/summaries/_anyOf/0/additionalProperties		http://json-schema.org/draft-07/schema
/properties/poseidon/spatialSupport/stacCollections/_oneOf/1/summaries/_anyOf/0/definitions		http://json-schema.org/draft-07/schema
/properties/poseidon/spatialSupport/stacCollections/_oneOf/1/summaries/_anyOf/0/properties		http://json-schema.org/draft-07/schema
/properties/poseidon/spatialSupport/stacCollections/_oneOf/1/summaries/_anyOf/0/patternProperties		http://json-schema.org/draft-07/schema
/properties/poseidon/spatialSupport/stacCollections/_oneOf/1/summaries/_anyOf/0/dependencies		http://json-schema.org/draft-07/schema
/properties/poseidon/spatialSupport/stacCollections/_oneOf/1/summaries/_anyOf/0/propertyNames		http://json-schema.org/draft-07/schema
/properties/poseidon/spatialSupport/stacCollections/_oneOf/1/summaries/_anyOf/0/const		http://json-schema.org/draft-07/schema
/properties/poseidon/spatialSupport/stacCollections/_oneOf/1/summaries/_anyOf/0/enum		http://json-schema.org/draft-07/schema
/properties/poseidon/spatialSupport/stacCollections/_oneOf/1/summaries/_anyOf/0/type		http://json-schema.org/draft-07/schema
/properties/poseidon/spatialSupport/stacCollections/_oneOf/1/summaries/_anyOf/0/format		http://json-schema.org/draft-07/schema
/properties/poseidon/spatialSupport/stacCollections/_oneOf/1/summaries/_anyOf/0/contentMediaType		http://json-schema.org/draft-07/schema
/properties/poseidon/spatialSupport/stacCollections/_oneOf/1/summaries/_anyOf/0/contentEncoding		http://json-schema.org/draft-07/schema
/properties/poseidon/spatialSupport/stacCollections/_oneOf/1/summaries/_anyOf/0/if		http://json-schema.org/draft-07/schema
/properties/poseidon/spatialSupport/stacCollections/_oneOf/1/summaries/_anyOf/0/then		http://json-schema.org/draft-07/schema
/properties/poseidon/spatialSupport/stacCollections/_oneOf/1/summaries/_anyOf/0/else		http://json-schema.org/draft-07/schema
/properties/poseidon/spatialSupport/stacCollections/_oneOf/1/summaries/_anyOf/0/allOf		http://json-schema.org/draft-07/schema
/properties/poseidon/spatialSupport/stacCollections/_oneOf/1/summaries/_anyOf/0/anyOf		http://json-schema.org/draft-07/schema
/properties/poseidon/spatialSupport/stacCollections/_oneOf/1/summaries/_anyOf/0/oneOf		http://json-schema.org/draft-07/schema
/properties/poseidon/spatialSupport/stacCollections/_oneOf/1/summaries/_anyOf/0/not		http://json-schema.org/draft-07/schema
/properties/poseidon/spatialSupport/stacCollections/_oneOf/1/summaries/_anyOf/1/minimum		https://ogcincubator.github.io/bblocks-stac/build/annotated/contrib/stac/collection/schema.yaml
/properties/poseidon/spatialSupport/stacCollections/_oneOf/1/summaries/_anyOf/1/maximum		https://ogcincubator.github.io/bblocks-stac/build/annotated/contrib/stac/collection/schema.yaml
/properties/poseidon/spatialSupport/stacCollections/_oneOf/1/assets	https://w3id.org/ogc/stac/core/hasAsset	https://ogcincubator.github.io/bblocks-stac/build/annotated/contrib/stac/components/assets/schema.yaml
/properties/poseidon/spatialSupport/stacCollections/_oneOf/1/assets/href		https://ogcincubator.github.io/bblocks-stac/build/annotated/contrib/stac/components/assets/schema.yaml
/properties/poseidon/spatialSupport/stacCollections/_oneOf/1/assets/title		https://ogcincubator.github.io/bblocks-stac/build/annotated/contrib/stac/components/assets/schema.yaml
/properties/poseidon/spatialSupport/stacCollections/_oneOf/1/assets/description		https://ogcincubator.github.io/bblocks-stac/build/annotated/contrib/stac/components/assets/schema.yaml
/properties/poseidon/spatialSupport/stacCollections/_oneOf/1/assets/type		https://ogcincubator.github.io/bblocks-stac/build/annotated/contrib/stac/components/assets/schema.yaml
/properties/poseidon/spatialSupport/stacCollections/_oneOf/1/assets/roles		https://ogcincubator.github.io/bblocks-stac/build/annotated/contrib/stac/components/assets/schema.yaml
/properties/poseidon/spatialSupport/stacItems	https://w3id.org/ogc/stac/Item	/github/workspace/build/annotated/hosted/seadots/poseidon-model/schema.yaml
/properties/poseidon/spatialSupport/stacItems/_oneOf/1/_oneOf/0/geometry		https://ogcincubator.github.io/bblocks-stac/build/annotated/contrib/stac/item/schema.yaml
/properties/poseidon/spatialSupport/stacItems/_oneOf/1/_oneOf/0/geometry/_oneOf/0/type		https://geojson.org/schema/Geometry.json
/properties/poseidon/spatialSupport/stacItems/_oneOf/1/_oneOf/0/geometry/_oneOf/0/coordinates		https://geojson.org/schema/Geometry.json
/properties/poseidon/spatialSupport/stacItems/_oneOf/1/_oneOf/0/geometry/_oneOf/0/bbox		https://geojson.org/schema/Geometry.json
/properties/poseidon/spatialSupport/stacItems/_oneOf/1/_oneOf/0/geometry/_oneOf/1/type		https://geojson.org/schema/Geometry.json
/properties/poseidon/spatialSupport/stacItems/_oneOf/1/_oneOf/0/geometry/_oneOf/1/coordinates		https://geojson.org/schema/Geometry.json
/properties/poseidon/spatialSupport/stacItems/_oneOf/1/_oneOf/0/geometry/_oneOf/1/bbox		https://geojson.org/schema/Geometry.json
/properties/poseidon/spatialSupport/stacItems/_oneOf/1/_oneOf/0/geometry/_oneOf/2/type		https://geojson.org/schema/Geometry.json
/properties/poseidon/spatialSupport/stacItems/_oneOf/1/_oneOf/0/geometry/_oneOf/2/coordinates		https://geojson.org/schema/Geometry.json
/properties/poseidon/spatialSupport/stacItems/_oneOf/1/_oneOf/0/geometry/_oneOf/2/bbox		https://geojson.org/schema/Geometry.json
/properties/poseidon/spatialSupport/stacItems/_oneOf/1/_oneOf/0/geometry/_oneOf/3/type		https://geojson.org/schema/Geometry.json
/properties/poseidon/spatialSupport/stacItems/_oneOf/1/_oneOf/0/geometry/_oneOf/3/coordinates		https://geojson.org/schema/Geometry.json
/properties/poseidon/spatialSupport/stacItems/_oneOf/1/_oneOf/0/geometry/_oneOf/3/bbox		https://geojson.org/schema/Geometry.json
/properties/poseidon/spatialSupport/stacItems/_oneOf/1/_oneOf/0/geometry/_oneOf/4/type		https://geojson.org/schema/Geometry.json
/properties/poseidon/spatialSupport/stacItems/_oneOf/1/_oneOf/0/geometry/_oneOf/4/coordinates		https://geojson.org/schema/Geometry.json
/properties/poseidon/spatialSupport/stacItems/_oneOf/1/_oneOf/0/geometry/_oneOf/4/bbox		https://geojson.org/schema/Geometry.json
/properties/poseidon/spatialSupport/stacItems/_oneOf/1/_oneOf/0/geometry/_oneOf/5/type		https://geojson.org/schema/Geometry.json
/properties/poseidon/spatialSupport/stacItems/_oneOf/1/_oneOf/0/geometry/_oneOf/5/coordinates		https://geojson.org/schema/Geometry.json
/properties/poseidon/spatialSupport/stacItems/_oneOf/1/_oneOf/0/geometry/_oneOf/5/bbox		https://geojson.org/schema/Geometry.json
/properties/poseidon/spatialSupport/stacItems/_oneOf/1/_oneOf/0/bbox		https://ogcincubator.github.io/bblocks-stac/build/annotated/contrib/stac/item/schema.yaml
/properties/poseidon/spatialSupport/stacItems/_oneOf/1/_oneOf/1/geometry		https://ogcincubator.github.io/bblocks-stac/build/annotated/contrib/stac/item/schema.yaml
/properties/poseidon/spatialSupport/stacItems/_oneOf/1/_oneOf/1/bbox		https://ogcincubator.github.io/bblocks-stac/build/annotated/contrib/stac/item/schema.yaml
/properties/poseidon/spatialSupport/stacItems/_oneOf/1/_then/collection		https://ogcincubator.github.io/bblocks-stac/build/annotated/contrib/stac/item/schema.yaml
/properties/poseidon/spatialSupport/stacItems/_oneOf/1/_else/collection		https://ogcincubator.github.io/bblocks-stac/build/annotated/contrib/stac/item/schema.yaml
/properties/poseidon/spatialSupport/stacItems/_oneOf/1/_then/properties		https://ogcincubator.github.io/bblocks-stac/build/annotated/contrib/stac/item/schema.yaml
/properties/poseidon/spatialSupport/stacItems/_oneOf/1/_then/properties/bands		https://ogcincubator.github.io/bblocks-stac/build/annotated/contrib/stac/item/schema.yaml
/properties/poseidon/spatialSupport/stacItems/_oneOf/1/_else/properties		https://ogcincubator.github.io/bblocks-stac/build/annotated/contrib/stac/item/schema.yaml
/properties/poseidon/spatialSupport/stacItems/_oneOf/1/_else/properties/bands		https://raw.githubusercontent.com/radiantearth/stac-spec/master/item-spec/json-schema/bands.json
/properties/poseidon/spatialSupport/stacItems/_oneOf/1/_else/properties/bands/name		https://raw.githubusercontent.com/radiantearth/stac-spec/master/item-spec/json-schema/bands.json
/properties/poseidon/spatialSupport/stacItems/_oneOf/1/stac_extensions	https://w3id.org/ogc/stac/core/hasExtension	https://ogcincubator.github.io/bblocks-stac/build/annotated/contrib/stac/item/schema.yaml
/properties/poseidon/spatialSupport/stacItems/_oneOf/1/id	@id	https://ogcincubator.github.io/bblocks-stac/build/annotated/contrib/stac/item/schema.yaml
/properties/poseidon/spatialSupport/stacItems/_oneOf/1/links		https://ogcincubator.github.io/bblocks-stac/build/annotated/contrib/stac/item/schema.yaml
/properties/poseidon/spatialSupport/stacItems/_oneOf/1/links/_then/href		https://ogcincubator.github.io/bblocks-stac/build/annotated/contrib/stac/item/schema.yaml
/properties/poseidon/spatialSupport/stacItems/_oneOf/1/links/href		https://ogcincubator.github.io/bblocks-stac/build/annotated/contrib/stac/item/schema.yaml
/properties/poseidon/spatialSupport/stacItems/_oneOf/1/links/rel		https://ogcincubator.github.io/bblocks-stac/build/annotated/contrib/stac/item/schema.yaml
/properties/poseidon/spatialSupport/stacItems/_oneOf/1/links/type	@type	https://ogcincubator.github.io/bblocks-stac/build/annotated/contrib/stac/item/schema.yaml
/properties/poseidon/spatialSupport/stacItems/_oneOf/1/links/title	http://purl.org/dc/terms/title	https://ogcincubator.github.io/bblocks-stac/build/annotated/contrib/stac/item/schema.yaml
/properties/poseidon/spatialSupport/stacItems/_oneOf/1/links/method		https://ogcincubator.github.io/bblocks-stac/build/annotated/contrib/stac/item/schema.yaml
/properties/poseidon/spatialSupport/stacItems/_oneOf/1/links/headers		https://ogcincubator.github.io/bblocks-stac/build/annotated/contrib/stac/item/schema.yaml
/properties/poseidon/spatialSupport/stacItems/_oneOf/1/links/body		https://ogcincubator.github.io/bblocks-stac/build/annotated/contrib/stac/item/schema.yaml
/properties/poseidon/spatialSupport/stacItems/_oneOf/1/properties		https://ogcincubator.github.io/bblocks-stac/build/annotated/contrib/stac/item/schema.yaml
/properties/poseidon/spatialSupport/stacItems/_oneOf/1/properties/_anyOf/0/datetime	http://purl.org/dc/terms/date	https://ogcincubator.github.io/bblocks-stac/build/annotated/contrib/stac/item/schema.yaml
/properties/poseidon/spatialSupport/stacItems/_oneOf/2/wasInfluencedBy	http://www.w3.org/ns/prov#wasInfluencedBy	https://ogcincubator.github.io/bblock-prov-schema/build/annotated/ogc-utils/prov/schema.yaml
/properties/poseidon/spatialSupport/stacItems/_oneOf/2/wasInfluencedBy/_anyOf/0/_oneOf/1/id	@id	https://ogcincubator.github.io/bblock-prov-schema/build/annotated/ogc-utils/prov-activity/schema.yaml
/properties/poseidon/spatialSupport/stacItems/_oneOf/2/wasInfluencedBy/_anyOf/0/_oneOf/1/provType	@type	https://ogcincubator.github.io/bblock-prov-schema/build/annotated/ogc-utils/prov-activity/schema.yaml
/properties/poseidon/spatialSupport/stacItems/_oneOf/2/wasInfluencedBy/_anyOf/0/_oneOf/1/prov:type		https://ogcincubator.github.io/bblock-prov-schema/build/annotated/ogc-utils/prov-activity/schema.yaml
/properties/poseidon/spatialSupport/stacItems/_oneOf/2/wasInfluencedBy/_anyOf/0/_oneOf/1/activityType	@type	https://ogcincubator.github.io/bblock-prov-schema/build/annotated/ogc-utils/prov-activity/schema.yaml
/properties/poseidon/spatialSupport/stacItems/_oneOf/2/wasInfluencedBy/_anyOf/0/_oneOf/1/endedAtTime	http://www.w3.org/ns/prov#endedAtTime	https://ogcincubator.github.io/bblock-prov-schema/build/annotated/ogc-utils/prov-activity/schema.yaml
/properties/poseidon/spatialSupport/stacItems/_oneOf/2/wasInfluencedBy/_anyOf/0/_oneOf/1/wasAssociatedWith	http://www.w3.org/ns/prov#wasAssociatedWith	https://ogcincubator.github.io/bblock-prov-schema/build/annotated/ogc-utils/prov-activity/schema.yaml
/properties/poseidon/spatialSupport/stacItems/_oneOf/2/wasInfluencedBy/_anyOf/0/_oneOf/1/wasAssociatedWith/_oneOf/1/agentType	@type	https://ogcincubator.github.io/bblock-prov-schema/build/annotated/ogc-utils/prov-agent/schema.yaml
/properties/poseidon/spatialSupport/stacItems/_oneOf/2/wasInfluencedBy/_anyOf/0/_oneOf/1/wasAssociatedWith/_oneOf/1/provType	@type	https://ogcincubator.github.io/bblock-prov-schema/build/annotated/ogc-utils/prov-agent/schema.yaml
/properties/poseidon/spatialSupport/stacItems/_oneOf/2/wasInfluencedBy/_anyOf/0/_oneOf/1/wasAssociatedWith/_oneOf/1/prov:type		https://ogcincubator.github.io/bblock-prov-schema/build/annotated/ogc-utils/prov-agent/schema.yaml
/properties/poseidon/spatialSupport/stacItems/_oneOf/2/wasInfluencedBy/_anyOf/0/_oneOf/1/wasAssociatedWith/_oneOf/1/name	http://www.w3.org/2000/01/rdf-schema#label	https://ogcincubator.github.io/bblock-prov-schema/build/annotated/ogc-utils/prov-agent/schema.yaml
/properties/poseidon/spatialSupport/stacItems/_oneOf/2/wasInfluencedBy/_anyOf/0/_oneOf/1/wasAssociatedWith/_oneOf/1/id	@id	https://ogcincubator.github.io/bblock-prov-schema/build/annotated/ogc-utils/prov-agent/schema.yaml
/properties/poseidon/spatialSupport/stacItems/_oneOf/2/wasInfluencedBy/_anyOf/0/_oneOf/1/wasAssociatedWith/_oneOf/1/actedOnBehalfOf	http://www.w3.org/ns/prov#actedOnBehalfOf	https://ogcincubator.github.io/bblock-prov-schema/build/annotated/ogc-utils/prov-agent/schema.yaml
/properties/poseidon/spatialSupport/stacItems/_oneOf/2/wasInfluencedBy/_anyOf/0/_oneOf/1/wasAssociatedWith/_oneOf/1/atLocation	http://www.w3.org/ns/prov#atLocation	https://ogcincubator.github.io/bblock-prov-schema/build/annotated/ogc-utils/prov-agent/schema.yaml
/properties/poseidon/spatialSupport/stacItems/_oneOf/2/wasInfluencedBy/_anyOf/0/_oneOf/1/wasAssociatedWith/_oneOf/1/qualifiedDelegation	http://www.w3.org/ns/prov#qualifiedDelegation	https://ogcincubator.github.io/bblock-prov-schema/build/annotated/ogc-utils/prov-agent/schema.yaml
/properties/poseidon/spatialSupport/stacItems/_oneOf/2/wasInfluencedBy/_anyOf/0/_oneOf/1/wasAssociatedWith/_oneOf/1/qualifiedDelegation/_oneOf/1/id	@id	https://ogcincubator.github.io/bblock-prov-schema/build/annotated/ogc-utils/prov-activity/schema.yaml
/properties/poseidon/spatialSupport/stacItems/_oneOf/2/wasInfluencedBy/_anyOf/0/_oneOf/1/wasAssociatedWith/_oneOf/1/qualifiedDelegation/_oneOf/1/type		https://ogcincubator.github.io/bblock-prov-schema/build/annotated/ogc-utils/prov-activity/schema.yaml
/properties/poseidon/spatialSupport/stacItems/_oneOf/2/wasInfluencedBy/_anyOf/0/_oneOf/1/wasAssociatedWith/_oneOf/1/qualifiedDelegation/_oneOf/1/agent	http://www.w3.org/ns/prov#agent	https://ogcincubator.github.io/bblock-prov-schema/build/annotated/ogc-utils/prov-activity/schema.yaml
/properties/poseidon/spatialSupport/stacItems/_oneOf/2/wasInfluencedBy/_anyOf/0/_oneOf/1/wasAssociatedWith/_oneOf/1/qualifiedDelegation/_oneOf/1/hadActivity	http://www.w3.org/ns/prov#hadActivity	https://ogcincubator.github.io/bblock-prov-schema/build/annotated/ogc-utils/prov-activity/schema.yaml
/properties/poseidon/spatialSupport/stacItems/_oneOf/2/wasInfluencedBy/_anyOf/0/_oneOf/1/wasInformedBy	http://www.w3.org/ns/prov#wasInformedBy	https://ogcincubator.github.io/bblock-prov-schema/build/annotated/ogc-utils/prov-activity/schema.yaml
/properties/poseidon/spatialSupport/stacItems/_oneOf/2/wasInfluencedBy/_anyOf/0/_oneOf/1/used	http://www.w3.org/ns/prov#used	https://ogcincubator.github.io/bblock-prov-schema/build/annotated/ogc-utils/prov-activity/schema.yaml
/properties/poseidon/spatialSupport/stacItems/_oneOf/2/wasInfluencedBy/_anyOf/0/_oneOf/1/wasStartedBy	http://www.w3.org/ns/prov#wasStartedBy	https://ogcincubator.github.io/bblock-prov-schema/build/annotated/ogc-utils/prov-activity/schema.yaml
/properties/poseidon/spatialSupport/stacItems/_oneOf/2/wasInfluencedBy/_anyOf/0/_oneOf/1/wasEndedBy	http://www.w3.org/ns/prov#wasEndedBy	https://ogcincubator.github.io/bblock-prov-schema/build/annotated/ogc-utils/prov-activity/schema.yaml
/properties/poseidon/spatialSupport/stacItems/_oneOf/2/wasInfluencedBy/_anyOf/0/_oneOf/1/invalidated	http://www.w3.org/ns/prov#invalidated	https://ogcincubator.github.io/bblock-prov-schema/build/annotated/ogc-utils/prov-activity/schema.yaml
/properties/poseidon/spatialSupport/stacItems/_oneOf/2/wasInfluencedBy/_anyOf/0/_oneOf/1/generated	http://www.w3.org/ns/prov#generated	https://ogcincubator.github.io/bblock-prov-schema/build/annotated/ogc-utils/prov-activity/schema.yaml
/properties/poseidon/spatialSupport/stacItems/_oneOf/2/wasInfluencedBy/_anyOf/0/_oneOf/1/atLocation	http://www.w3.org/ns/prov#atLocation	https://ogcincubator.github.io/bblock-prov-schema/build/annotated/ogc-utils/prov-activity/schema.yaml
/properties/poseidon/spatialSupport/stacItems/_oneOf/2/wasInfluencedBy/_anyOf/0/_oneOf/1/qualifiedUsage	http://www.w3.org/ns/prov#qualifiedUsage	https://ogcincubator.github.io/bblock-prov-schema/build/annotated/ogc-utils/prov-activity/schema.yaml
/properties/poseidon/spatialSupport/stacItems/_oneOf/2/wasInfluencedBy/_anyOf/0/_oneOf/1/qualifiedUsage/_oneOf/1/id	@id	https://ogcincubator.github.io/bblock-prov-schema/build/annotated/ogc-utils/prov-activity/schema.yaml
/properties/poseidon/spatialSupport/stacItems/_oneOf/2/wasInfluencedBy/_anyOf/0/_oneOf/1/qualifiedUsage/_oneOf/1/type		https://ogcincubator.github.io/bblock-prov-schema/build/annotated/ogc-utils/prov-activity/schema.yaml
/properties/poseidon/spatialSupport/stacItems/_oneOf/2/wasInfluencedBy/_anyOf/0/_oneOf/1/qualifiedUsage/_oneOf/1/atTime	http://www.w3.org/ns/prov#atTime	https://ogcincubator.github.io/bblock-prov-schema/build/annotated/ogc-utils/prov-activity/schema.yaml
/properties/poseidon/spatialSupport/stacItems/_oneOf/2/wasInfluencedBy/_anyOf/0/_oneOf/1/qualifiedUsage/_oneOf/1/entity	http://www.w3.org/ns/prov#entity	https://ogcincubator.github.io/bblock-prov-schema/build/annotated/ogc-utils/prov-activity/schema.yaml
/properties/poseidon/spatialSupport/stacItems/_oneOf/2/wasInfluencedBy/_anyOf/0/_oneOf/1/qualifiedCommunication	http://www.w3.org/ns/prov#qualifiedCommunication	https://ogcincubator.github.io/bblock-prov-schema/build/annotated/ogc-utils/prov-activity/schema.yaml
/properties/poseidon/spatialSupport/stacItems/_oneOf/2/wasInfluencedBy/_anyOf/0/_oneOf/1/qualifiedCommunication/_oneOf/1/id	@id	https://ogcincubator.github.io/bblock-prov-schema/build/annotated/ogc-utils/prov-activity/schema.yaml
/properties/poseidon/spatialSupport/stacItems/_oneOf/2/wasInfluencedBy/_anyOf/0/_oneOf/1/qualifiedCommunication/_oneOf/1/atTime	http://www.w3.org/ns/prov#atTime	https://ogcincubator.github.io/bblock-prov-schema/build/annotated/ogc-utils/prov-activity/schema.yaml
/properties/poseidon/spatialSupport/stacItems/_oneOf/2/wasInfluencedBy/_anyOf/0/_oneOf/1/qualifiedCommunication/_oneOf/1/hadRole	http://www.w3.org/ns/prov#hadRole	https://ogcincubator.github.io/bblock-prov-schema/build/annotated/ogc-utils/prov-activity/schema.yaml
/properties/poseidon/spatialSupport/stacItems/_oneOf/2/wasInfluencedBy/_anyOf/0/_oneOf/1/qualifiedCommunication/_oneOf/1/influencer	http://www.w3.org/ns/prov#influencer	https://ogcincubator.github.io/bblock-prov-schema/build/annotated/ogc-utils/prov-activity/schema.yaml
/properties/poseidon/spatialSupport/stacItems/_oneOf/2/wasInfluencedBy/_anyOf/0/_oneOf/1/qualifiedCommunication/_oneOf/1/hadActivity	http://www.w3.org/ns/prov#hadActivity	https://ogcincubator.github.io/bblock-prov-schema/build/annotated/ogc-utils/prov-activity/schema.yaml
/properties/poseidon/spatialSupport/stacItems/_oneOf/2/wasInfluencedBy/_anyOf/0/_oneOf/1/qualifiedCommunication/_oneOf/1/activity	http://www.w3.org/ns/prov#activity	https://ogcincubator.github.io/bblock-prov-schema/build/annotated/ogc-utils/prov-activity/schema.yaml
/properties/poseidon/spatialSupport/stacItems/_oneOf/2/wasInfluencedBy/_anyOf/0/_oneOf/1/qualifiedCommunication/_oneOf/1/type		https://ogcincubator.github.io/bblock-prov-schema/build/annotated/ogc-utils/prov-activity/schema.yaml
/properties/poseidon/spatialSupport/stacItems/_oneOf/2/wasInfluencedBy/_anyOf/0/_oneOf/1/qualifiedCommunication/_oneOf/2/_oneOf/1/type		https://ogcincubator.github.io/bblock-prov-schema/build/annotated/ogc-utils/prov-activity/schema.yaml
/properties/poseidon/spatialSupport/stacItems/_oneOf/2/wasInfluencedBy/_anyOf/0/_oneOf/1/qualifiedStart	http://www.w3.org/ns/prov#qualifiedStart	https://ogcincubator.github.io/bblock-prov-schema/build/annotated/ogc-utils/prov-activity/schema.yaml
/properties/poseidon/spatialSupport/stacItems/_oneOf/2/wasInfluencedBy/_anyOf/0/_oneOf/1/qualifiedStart/_oneOf/1/id	@id	https://ogcincubator.github.io/bblock-prov-schema/build/annotated/ogc-utils/prov-activity/schema.yaml
/properties/poseidon/spatialSupport/stacItems/_oneOf/2/wasInfluencedBy/_anyOf/0/_oneOf/1/qualifiedStart/_oneOf/1/type		https://ogcincubator.github.io/bblock-prov-schema/build/annotated/ogc-utils/prov-activity/schema.yaml
/properties/poseidon/spatialSupport/stacItems/_oneOf/2/wasInfluencedBy/_anyOf/0/_oneOf/1/qualifiedStart/_oneOf/1/atTime	http://www.w3.org/ns/prov#atTime	https://ogcincubator.github.io/bblock-prov-schema/build/annotated/ogc-utils/prov-activity/schema.yaml
/properties/poseidon/spatialSupport/stacItems/_oneOf/2/wasInfluencedBy/_anyOf/0/_oneOf/1/qualifiedStart/_oneOf/1/entity	http://www.w3.org/ns/prov#entity	https://ogcincubator.github.io/bblock-prov-schema/build/annotated/ogc-utils/prov-activity/schema.yaml
/properties/poseidon/spatialSupport/stacItems/_oneOf/2/wasInfluencedBy/_anyOf/0/_oneOf/1/qualifiedStart/_oneOf/1/hadActivity	http://www.w3.org/ns/prov#hadActivity	https://ogcincubator.github.io/bblock-prov-schema/build/annotated/ogc-utils/prov-activity/schema.yaml
/properties/poseidon/spatialSupport/stacItems/_oneOf/2/wasInfluencedBy/_anyOf/0/_oneOf/1/qualifiedEnd	http://www.w3.org/ns/prov#qualifiedEnd	https://ogcincubator.github.io/bblock-prov-schema/build/annotated/ogc-utils/prov-activity/schema.yaml
/properties/poseidon/spatialSupport/stacItems/_oneOf/2/wasInfluencedBy/_anyOf/0/_oneOf/1/qualifiedEnd/_oneOf/1/type		https://ogcincubator.github.io/bblock-prov-schema/build/annotated/ogc-utils/prov-activity/schema.yaml
/properties/poseidon/spatialSupport/stacItems/_oneOf/2/wasInfluencedBy/_anyOf/0/_oneOf/1/qualifiedAssociation	http://www.w3.org/ns/prov#qualifiedAssociation	https://ogcincubator.github.io/bblock-prov-schema/build/annotated/ogc-utils/prov-activity/schema.yaml
/properties/poseidon/spatialSupport/stacItems/_oneOf/2/wasInfluencedBy/_anyOf/0/_oneOf/1/qualifiedAssociation/_oneOf/1/id	@id	https://ogcincubator.github.io/bblock-prov-schema/build/annotated/ogc-utils/prov-agent/schema.yaml
/properties/poseidon/spatialSupport/stacItems/_oneOf/2/wasInfluencedBy/_anyOf/0/_oneOf/1/qualifiedAssociation/_oneOf/1/type		https://ogcincubator.github.io/bblock-prov-schema/build/annotated/ogc-utils/prov-agent/schema.yaml
/properties/poseidon/spatialSupport/stacItems/_oneOf/2/wasInfluencedBy/_anyOf/0/_oneOf/1/qualifiedAssociation/_oneOf/1/agent	http://www.w3.org/ns/prov#agent	https://ogcincubator.github.io/bblock-prov-schema/build/annotated/ogc-utils/prov-agent/schema.yaml
/properties/poseidon/spatialSupport/stacItems/_oneOf/2/wasInfluencedBy/_anyOf/0/_oneOf/1/qualifiedAssociation/_oneOf/1/hadRole	http://www.w3.org/ns/prov#hadRole	https://ogcincubator.github.io/bblock-prov-schema/build/annotated/ogc-utils/prov-agent/schema.yaml
/properties/poseidon/spatialSupport/stacItems/_oneOf/2/wasInfluencedBy/_anyOf/0/_oneOf/1/qualifiedAssociation/_oneOf/1/hadPlan	http://www.w3.org/ns/prov#hadPlan	https://ogcincubator.github.io/bblock-prov-schema/build/annotated/ogc-utils/prov-agent/schema.yaml
/properties/poseidon/spatialSupport/stacItems/_oneOf/2/qualifiedInfluence	http://www.w3.org/ns/prov#qualifiedInfluence	https://ogcincubator.github.io/bblock-prov-schema/build/annotated/ogc-utils/prov/schema.yaml
/properties/poseidon/spatialSupport/stacItems/_oneOf/2/qualifiedInfluence/_oneOf/1/id	@id	https://ogcincubator.github.io/bblock-prov-schema/build/annotated/ogc-utils/prov/schema.yaml
/properties/poseidon/spatialSupport/stacItems/_oneOf/2/qualifiedInfluence/_oneOf/1/influencer	http://www.w3.org/ns/prov#influencer	https://ogcincubator.github.io/bblock-prov-schema/build/annotated/ogc-utils/prov/schema.yaml
/properties/poseidon/spatialSupport/stacItems/_oneOf/2/qualifiedInfluence/_oneOf/1/entity	http://www.w3.org/ns/prov#entity	https://ogcincubator.github.io/bblock-prov-schema/build/annotated/ogc-utils/prov/schema.yaml
/properties/poseidon/spatialSupport/stacItems/_oneOf/2/qualifiedInfluence/_oneOf/1/activity	http://www.w3.org/ns/prov#activity	https://ogcincubator.github.io/bblock-prov-schema/build/annotated/ogc-utils/prov/schema.yaml
/properties/poseidon/spatialSupport/stacItems/_oneOf/2/qualifiedInfluence/_oneOf/1/agent	http://www.w3.org/ns/prov#agent	https://ogcincubator.github.io/bblock-prov-schema/build/annotated/ogc-utils/prov/schema.yaml
/properties/poseidon/spatialSupport/stacItems/_oneOf/2/_anyOf/0/type		https://ogcincubator.github.io/bblock-prov-schema/build/annotated/ogc-utils/prov-entity/schema.yaml
/properties/poseidon/spatialSupport/stacItems/_oneOf/2/_anyOf/0/hadMember	http://www.w3.org/ns/prov#hadMember	https://ogcincubator.github.io/bblock-prov-schema/build/annotated/ogc-utils/prov-entity/schema.yaml
/properties/poseidon/spatialSupport/stacItems/_oneOf/2/_anyOf/1/type		https://ogcincubator.github.io/bblock-prov-schema/build/annotated/ogc-utils/prov-entity/schema.yaml
/properties/poseidon/spatialSupport/stacItems/_oneOf/2/_anyOf/1/hadMember	http://www.w3.org/ns/prov#hadMember	https://ogcincubator.github.io/bblock-prov-schema/build/annotated/ogc-utils/prov-entity/schema.yaml
/properties/poseidon/spatialSupport/stacItems/_oneOf/2/id	@id	https://ogcincubator.github.io/bblock-prov-schema/build/annotated/ogc-utils/prov-entity/schema.yaml
/properties/poseidon/spatialSupport/stacItems/_oneOf/2/provType	@type	https://ogcincubator.github.io/bblock-prov-schema/build/annotated/ogc-utils/prov-entity/schema.yaml
/properties/poseidon/spatialSupport/stacItems/_oneOf/2/prov:type		https://ogcincubator.github.io/bblock-prov-schema/build/annotated/ogc-utils/prov-entity/schema.yaml
/properties/poseidon/spatialSupport/stacItems/_oneOf/2/featureType	@type	https://ogcincubator.github.io/bblock-prov-schema/build/annotated/ogc-utils/prov-entity/schema.yaml
/properties/poseidon/spatialSupport/stacItems/_oneOf/2/entityType	@type	https://ogcincubator.github.io/bblock-prov-schema/build/annotated/ogc-utils/prov-entity/schema.yaml
/properties/poseidon/spatialSupport/stacItems/_oneOf/2/has_provenance	http://purl.org/dc/terms/provenance	https://ogcincubator.github.io/bblock-prov-schema/build/annotated/ogc-utils/prov-entity/schema.yaml
/properties/poseidon/spatialSupport/stacItems/_oneOf/2/wasGeneratedBy	http://www.w3.org/ns/prov#wasGeneratedBy	https://ogcincubator.github.io/bblock-prov-schema/build/annotated/ogc-utils/prov-entity/schema.yaml
/properties/poseidon/spatialSupport/stacItems/_oneOf/2/wasAttributedTo	http://www.w3.org/ns/prov#wasAttributedTo	https://ogcincubator.github.io/bblock-prov-schema/build/annotated/ogc-utils/prov-entity/schema.yaml
/properties/poseidon/spatialSupport/stacItems/_oneOf/2/wasDerivedFrom	http://www.w3.org/ns/prov#wasDerivedFrom	https://ogcincubator.github.io/bblock-prov-schema/build/annotated/ogc-utils/prov-entity/schema.yaml
/properties/poseidon/spatialSupport/stacItems/_oneOf/2/alternateOf	http://www.w3.org/ns/prov#alternateOf	https://ogcincubator.github.io/bblock-prov-schema/build/annotated/ogc-utils/prov-entity/schema.yaml
/properties/poseidon/spatialSupport/stacItems/_oneOf/2/hadPrimarySource	http://www.w3.org/ns/prov#hadPrimarySource	https://ogcincubator.github.io/bblock-prov-schema/build/annotated/ogc-utils/prov-entity/schema.yaml
/properties/poseidon/spatialSupport/stacItems/_oneOf/2/specializationOf	http://www.w3.org/ns/prov#specializationOf	https://ogcincubator.github.io/bblock-prov-schema/build/annotated/ogc-utils/prov-entity/schema.yaml
/properties/poseidon/spatialSupport/stacItems/_oneOf/2/wasInvalidatedBy	http://www.w3.org/ns/prov#wasInvalidatedBy	https://ogcincubator.github.io/bblock-prov-schema/build/annotated/ogc-utils/prov-entity/schema.yaml
/properties/poseidon/spatialSupport/stacItems/_oneOf/2/wasQuotedFrom	http://www.w3.org/ns/prov#wasQuotedFrom	https://ogcincubator.github.io/bblock-prov-schema/build/annotated/ogc-utils/prov-entity/schema.yaml
/properties/poseidon/spatialSupport/stacItems/_oneOf/2/wasRevisionOf	http://www.w3.org/ns/prov#wasRevisionOf	https://ogcincubator.github.io/bblock-prov-schema/build/annotated/ogc-utils/prov-entity/schema.yaml
/properties/poseidon/spatialSupport/stacItems/_oneOf/2/atLocation	http://www.w3.org/ns/prov#atLocation	https://ogcincubator.github.io/bblock-prov-schema/build/annotated/ogc-utils/prov-entity/schema.yaml
/properties/poseidon/spatialSupport/stacItems/_oneOf/2/links	http://www.w3.org/2000/01/rdf-schema#seeAlso	https://ogcincubator.github.io/bblock-prov-schema/build/annotated/ogc-utils/prov-entity/schema.yaml
/properties/poseidon/spatialSupport/stacItems/_oneOf/2/qualifiedGeneration	http://www.w3.org/ns/prov#qualifiedGeneration	https://ogcincubator.github.io/bblock-prov-schema/build/annotated/ogc-utils/prov-entity/schema.yaml
/properties/poseidon/spatialSupport/stacItems/_oneOf/2/qualifiedGeneration/_oneOf/1/type		https://ogcincubator.github.io/bblock-prov-schema/build/annotated/ogc-utils/prov-activity/schema.yaml
/properties/poseidon/spatialSupport/stacItems/_oneOf/2/qualifiedInvalidation	http://www.w3.org/ns/prov#qualifiedInvalidation	https://ogcincubator.github.io/bblock-prov-schema/build/annotated/ogc-utils/prov-entity/schema.yaml
/properties/poseidon/spatialSupport/stacItems/_oneOf/2/qualifiedInvalidation/_oneOf/1/type		https://ogcincubator.github.io/bblock-prov-schema/build/annotated/ogc-utils/prov-activity/schema.yaml
/properties/poseidon/spatialSupport/stacItems/_oneOf/2/qualifiedDerivation	http://www.w3.org/ns/prov#qualifiedDerivation	https://ogcincubator.github.io/bblock-prov-schema/build/annotated/ogc-utils/prov-entity/schema.yaml
/properties/poseidon/spatialSupport/stacItems/_oneOf/2/qualifiedDerivation/_oneOf/1/id	@id	https://ogcincubator.github.io/bblock-prov-schema/build/annotated/ogc-utils/prov-activity/schema.yaml
/properties/poseidon/spatialSupport/stacItems/_oneOf/2/qualifiedDerivation/_oneOf/1/type		https://ogcincubator.github.io/bblock-prov-schema/build/annotated/ogc-utils/prov-activity/schema.yaml
/properties/poseidon/spatialSupport/stacItems/_oneOf/2/qualifiedDerivation/_oneOf/1/hadGeneration	http://www.w3.org/ns/prov#hadGeneration	https://ogcincubator.github.io/bblock-prov-schema/build/annotated/ogc-utils/prov-activity/schema.yaml
/properties/poseidon/spatialSupport/stacItems/_oneOf/2/qualifiedDerivation/_oneOf/1/hadActivity	http://www.w3.org/ns/prov#hadActivity	https://ogcincubator.github.io/bblock-prov-schema/build/annotated/ogc-utils/prov-activity/schema.yaml
/properties/poseidon/spatialSupport/stacItems/_oneOf/2/qualifiedDerivation/_oneOf/1/hadUsage	http://www.w3.org/ns/prov#hadUsage	https://ogcincubator.github.io/bblock-prov-schema/build/annotated/ogc-utils/prov-activity/schema.yaml
/properties/poseidon/spatialSupport/stacItems/_oneOf/2/qualifiedDerivation/_oneOf/1/entity	http://www.w3.org/ns/prov#entity	https://ogcincubator.github.io/bblock-prov-schema/build/annotated/ogc-utils/prov-activity/schema.yaml
/properties/poseidon/spatialSupport/stacItems/_oneOf/2/qualifiedAttribution	http://www.w3.org/ns/prov#qualifiedAttribution	https://ogcincubator.github.io/bblock-prov-schema/build/annotated/ogc-utils/prov-entity/schema.yaml
/properties/poseidon/spatialSupport/stacItems/_oneOf/2/qualifiedAttribution/_oneOf/1/id	@id	https://ogcincubator.github.io/bblock-prov-schema/build/annotated/ogc-utils/prov-activity/schema.yaml
/properties/poseidon/spatialSupport/stacItems/_oneOf/2/qualifiedAttribution/_oneOf/1/type		https://ogcincubator.github.io/bblock-prov-schema/build/annotated/ogc-utils/prov-activity/schema.yaml
/properties/poseidon/spatialSupport/stacItems/_oneOf/2/qualifiedAttribution/_oneOf/1/agent	http://www.w3.org/ns/prov#agent	https://ogcincubator.github.io/bblock-prov-schema/build/annotated/ogc-utils/prov-activity/schema.yaml
/properties/poseidon/spatialSupport/stacItems/_oneOf/2/stac_extensions		https://ogcincubator.github.io/bblocks-stac/build/annotated/contrib/stac/item-prov/schema.yaml
/properties/poseidon/openScience	https://github.com/ILIAD-ocean-twin/OIM/blob/main/openscience#OpenScienceResource	/github/workspace/build/annotated/hosted/seadots/poseidon-model/schema.yaml
/properties/poseidon/openScience/workflow	http://www.w3.org/ns/prov#used	/github/workspace/build/annotated/hosted/seadots/poseidon-model/schema.yaml
/properties/poseidon/openScience/workflow/_oneOf/1/properties		https://ogcincubator.github.io/bblocks-openscience/build/annotated/osc/geodcat-stac-earthcode/workflows/schema.yaml
/properties/poseidon/openScience/workflow/_oneOf/1/properties/osc:project		https://ogcincubator.github.io/bblocks-openscience/build/annotated/osc/geodcat-stac-earthcode/workflows/schema.yaml
/properties/poseidon/openScience/workflow/_oneOf/1/properties/wfdesc:hasInput		https://ogcincubator.github.io/bblocks-openscience/build/annotated/osc/geodcat-stac-earthcode/workflows/schema.yaml
/properties/poseidon/openScience/workflow/_oneOf/1/properties/wfdesc:hasInput/additionalParameters		https://ogcincubator.github.io/bblocks-ogcapi-processes/build/annotated/api/processes/v1/schemas/descriptionType/schema.yaml
/properties/poseidon/openScience/workflow/_oneOf/1/properties/wfdesc:hasInput/additionalParameters/href		https://ogcincubator.github.io/bblocks-ogcapi-processes/build/annotated/api/processes/v1/schemas/metadata/schema.yaml
/properties/poseidon/openScience/workflow/_oneOf/1/properties/wfdesc:hasInput/additionalParameters/role		https://ogcincubator.github.io/bblocks-ogcapi-processes/build/annotated/api/processes/v1/schemas/metadata/schema.yaml
/properties/poseidon/openScience/workflow/_oneOf/1/properties/wfdesc:hasInput/additionalParameters/title		https://ogcincubator.github.io/bblocks-ogcapi-processes/build/annotated/api/processes/v1/schemas/metadata/schema.yaml
/properties/poseidon/openScience/workflow/_oneOf/1/properties/wfdesc:hasInput/additionalParameters/parameters		https://ogcincubator.github.io/bblocks-ogcapi-processes/build/annotated/api/processes/v1/schemas/descriptionType/schema.yaml
/properties/poseidon/openScience/workflow/_oneOf/1/properties/wfdesc:hasInput/additionalParameters/parameters/name		https://ogcincubator.github.io/bblocks-ogcapi-processes/build/annotated/api/processes/v1/schemas/additionalParameter/schema.yaml
/properties/poseidon/openScience/workflow/_oneOf/1/properties/wfdesc:hasInput/additionalParameters/parameters/value		https://ogcincubator.github.io/bblocks-ogcapi-processes/build/annotated/api/processes/v1/schemas/additionalParameter/schema.yaml
/properties/poseidon/openScience/workflow/_oneOf/1/properties/wfdesc:hasInput/description		https://ogcincubator.github.io/bblocks-ogcapi-processes/build/annotated/api/processes/v1/schemas/descriptionType/schema.yaml
/properties/poseidon/openScience/workflow/_oneOf/1/properties/wfdesc:hasInput/keywords		https://ogcincubator.github.io/bblocks-ogcapi-processes/build/annotated/api/processes/v1/schemas/descriptionType/schema.yaml
/properties/poseidon/openScience/workflow/_oneOf/1/properties/wfdesc:hasInput/metadata		https://ogcincubator.github.io/bblocks-ogcapi-processes/build/annotated/api/processes/v1/schemas/descriptionType/schema.yaml
/properties/poseidon/openScience/workflow/_oneOf/1/properties/wfdesc:hasInput/title		https://ogcincubator.github.io/bblocks-ogcapi-processes/build/annotated/api/processes/v1/schemas/descriptionType/schema.yaml
/properties/poseidon/openScience/workflow/_oneOf/1/properties/wfdesc:hasInput/maxOccurs	https://w3id.org/ogc/api/processes/maxOccurs	https://ogcincubator.github.io/bblocks-ogcapi-processes/build/annotated/api/processes/v1/schemas/inputDescription/schema.yaml
/properties/poseidon/openScience/workflow/_oneOf/1/properties/wfdesc:hasInput/minOccurs	https://w3id.org/ogc/api/processes/minOccurs	https://ogcincubator.github.io/bblocks-ogcapi-processes/build/annotated/api/processes/v1/schemas/inputDescription/schema.yaml
/properties/poseidon/openScience/workflow/_oneOf/1/properties/wfdesc:hasInput/schema	https://w3id.org/ogc/api/processes/schema	https://ogcincubator.github.io/bblocks-ogcapi-processes/build/annotated/api/processes/v1/schemas/inputDescription/schema.yaml
/properties/poseidon/openScience/workflow/_oneOf/1/properties/wfdesc:hasInput/schema/_oneOf/0/$ref		https://ogcincubator.github.io/bblocks-ogcapi-processes/build/annotated/api/processes/v1/schemas/reference/schema.yaml
/properties/poseidon/openScience/workflow/_oneOf/1/properties/wfdesc:hasInput/schema/_oneOf/1/additionalProperties		https://ogcincubator.github.io/bblocks-ogcapi-processes/build/annotated/api/processes/v1/schemas/schema/schema.yaml
/properties/poseidon/openScience/workflow/_oneOf/1/properties/wfdesc:hasInput/schema/_oneOf/1/allOf		https://ogcincubator.github.io/bblocks-ogcapi-processes/build/annotated/api/processes/v1/schemas/schema/schema.yaml
/properties/poseidon/openScience/workflow/_oneOf/1/properties/wfdesc:hasInput/schema/_oneOf/1/anyOf		https://ogcincubator.github.io/bblocks-ogcapi-processes/build/annotated/api/processes/v1/schemas/schema/schema.yaml
/properties/poseidon/openScience/workflow/_oneOf/1/properties/wfdesc:hasInput/schema/_oneOf/1/contentEncoding		https://ogcincubator.github.io/bblocks-ogcapi-processes/build/annotated/api/processes/v1/schemas/schema/schema.yaml
/properties/poseidon/openScience/workflow/_oneOf/1/properties/wfdesc:hasInput/schema/_oneOf/1/contentMediaType		https://ogcincubator.github.io/bblocks-ogcapi-processes/build/annotated/api/processes/v1/schemas/schema/schema.yaml
/properties/poseidon/openScience/workflow/_oneOf/1/properties/wfdesc:hasInput/schema/_oneOf/1/contentSchema		https://ogcincubator.github.io/bblocks-ogcapi-processes/build/annotated/api/processes/v1/schemas/schema/schema.yaml
/properties/poseidon/openScience/workflow/_oneOf/1/properties/wfdesc:hasInput/schema/_oneOf/1/default		https://ogcincubator.github.io/bblocks-ogcapi-processes/build/annotated/api/processes/v1/schemas/schema/schema.yaml
/properties/poseidon/openScience/workflow/_oneOf/1/properties/wfdesc:hasInput/schema/_oneOf/1/deprecated		https://ogcincubator.github.io/bblocks-ogcapi-processes/build/annotated/api/processes/v1/schemas/schema/schema.yaml
/properties/poseidon/openScience/workflow/_oneOf/1/properties/wfdesc:hasInput/schema/_oneOf/1/description		https://ogcincubator.github.io/bblocks-ogcapi-processes/build/annotated/api/processes/v1/schemas/schema/schema.yaml
/properties/poseidon/openScience/workflow/_oneOf/1/properties/wfdesc:hasInput/schema/_oneOf/1/enum		https://ogcincubator.github.io/bblocks-ogcapi-processes/build/annotated/api/processes/v1/schemas/schema/schema.yaml
/properties/poseidon/openScience/workflow/_oneOf/1/properties/wfdesc:hasInput/schema/_oneOf/1/example		https://ogcincubator.github.io/bblocks-ogcapi-processes/build/annotated/api/processes/v1/schemas/schema/schema.yaml
/properties/poseidon/openScience/workflow/_oneOf/1/properties/wfdesc:hasInput/schema/_oneOf/1/exclusiveMaximum		https://ogcincubator.github.io/bblocks-ogcapi-processes/build/annotated/api/processes/v1/schemas/schema/schema.yaml
/properties/poseidon/openScience/workflow/_oneOf/1/properties/wfdesc:hasInput/schema/_oneOf/1/exclusiveMinimum		https://ogcincubator.github.io/bblocks-ogcapi-processes/build/annotated/api/processes/v1/schemas/schema/schema.yaml
/properties/poseidon/openScience/workflow/_oneOf/1/properties/wfdesc:hasInput/schema/_oneOf/1/format		https://ogcincubator.github.io/bblocks-ogcapi-processes/build/annotated/api/processes/v1/schemas/schema/schema.yaml
/properties/poseidon/openScience/workflow/_oneOf/1/properties/wfdesc:hasInput/schema/_oneOf/1/items		https://ogcincubator.github.io/bblocks-ogcapi-processes/build/annotated/api/processes/v1/schemas/schema/schema.yaml
/properties/poseidon/openScience/workflow/_oneOf/1/properties/wfdesc:hasInput/schema/_oneOf/1/maxItems		https://ogcincubator.github.io/bblocks-ogcapi-processes/build/annotated/api/processes/v1/schemas/schema/schema.yaml
/properties/poseidon/openScience/workflow/_oneOf/1/properties/wfdesc:hasInput/schema/_oneOf/1/maxLength		https://ogcincubator.github.io/bblocks-ogcapi-processes/build/annotated/api/processes/v1/schemas/schema/schema.yaml
/properties/poseidon/openScience/workflow/_oneOf/1/properties/wfdesc:hasInput/schema/_oneOf/1/maxProperties		https://ogcincubator.github.io/bblocks-ogcapi-processes/build/annotated/api/processes/v1/schemas/schema/schema.yaml
/properties/poseidon/openScience/workflow/_oneOf/1/properties/wfdesc:hasInput/schema/_oneOf/1/maximum		https://ogcincubator.github.io/bblocks-ogcapi-processes/build/annotated/api/processes/v1/schemas/schema/schema.yaml
/properties/poseidon/openScience/workflow/_oneOf/1/properties/wfdesc:hasInput/schema/_oneOf/1/minItems		https://ogcincubator.github.io/bblocks-ogcapi-processes/build/annotated/api/processes/v1/schemas/schema/schema.yaml
/properties/poseidon/openScience/workflow/_oneOf/1/properties/wfdesc:hasInput/schema/_oneOf/1/minLength		https://ogcincubator.github.io/bblocks-ogcapi-processes/build/annotated/api/processes/v1/schemas/schema/schema.yaml
/properties/poseidon/openScience/workflow/_oneOf/1/properties/wfdesc:hasInput/schema/_oneOf/1/minProperties		https://ogcincubator.github.io/bblocks-ogcapi-processes/build/annotated/api/processes/v1/schemas/schema/schema.yaml
/properties/poseidon/openScience/workflow/_oneOf/1/properties/wfdesc:hasInput/schema/_oneOf/1/minimum		https://ogcincubator.github.io/bblocks-ogcapi-processes/build/annotated/api/processes/v1/schemas/schema/schema.yaml
/properties/poseidon/openScience/workflow/_oneOf/1/properties/wfdesc:hasInput/schema/_oneOf/1/multipleOf		https://ogcincubator.github.io/bblocks-ogcapi-processes/build/annotated/api/processes/v1/schemas/schema/schema.yaml
/properties/poseidon/openScience/workflow/_oneOf/1/properties/wfdesc:hasInput/schema/_oneOf/1/not		https://ogcincubator.github.io/bblocks-ogcapi-processes/build/annotated/api/processes/v1/schemas/schema/schema.yaml
/properties/poseidon/openScience/workflow/_oneOf/1/properties/wfdesc:hasInput/schema/_oneOf/1/nullable		https://ogcincubator.github.io/bblocks-ogcapi-processes/build/annotated/api/processes/v1/schemas/schema/schema.yaml
/properties/poseidon/openScience/workflow/_oneOf/1/properties/wfdesc:hasInput/schema/_oneOf/1/oneOf		https://ogcincubator.github.io/bblocks-ogcapi-processes/build/annotated/api/processes/v1/schemas/schema/schema.yaml
/properties/poseidon/openScience/workflow/_oneOf/1/properties/wfdesc:hasInput/schema/_oneOf/1/pattern		https://ogcincubator.github.io/bblocks-ogcapi-processes/build/annotated/api/processes/v1/schemas/schema/schema.yaml
/properties/poseidon/openScience/workflow/_oneOf/1/properties/wfdesc:hasInput/schema/_oneOf/1/properties		https://ogcincubator.github.io/bblocks-ogcapi-processes/build/annotated/api/processes/v1/schemas/schema/schema.yaml
/properties/poseidon/openScience/workflow/_oneOf/1/properties/wfdesc:hasInput/schema/_oneOf/1/readOnly		https://ogcincubator.github.io/bblocks-ogcapi-processes/build/annotated/api/processes/v1/schemas/schema/schema.yaml
/properties/poseidon/openScience/workflow/_oneOf/1/properties/wfdesc:hasInput/schema/_oneOf/1/required		https://ogcincubator.github.io/bblocks-ogcapi-processes/build/annotated/api/processes/v1/schemas/schema/schema.yaml
/properties/poseidon/openScience/workflow/_oneOf/1/properties/wfdesc:hasInput/schema/_oneOf/1/title		https://ogcincubator.github.io/bblocks-ogcapi-processes/build/annotated/api/processes/v1/schemas/schema/schema.yaml
/properties/poseidon/openScience/workflow/_oneOf/1/properties/wfdesc:hasInput/schema/_oneOf/1/type		https://ogcincubator.github.io/bblocks-ogcapi-processes/build/annotated/api/processes/v1/schemas/schema/schema.yaml
/properties/poseidon/openScience/workflow/_oneOf/1/properties/wfdesc:hasInput/schema/_oneOf/1/uniqueItems		https://ogcincubator.github.io/bblocks-ogcapi-processes/build/annotated/api/processes/v1/schemas/schema/schema.yaml
/properties/poseidon/openScience/workflow/_oneOf/1/properties/wfdesc:hasInput/schema/_oneOf/1/writeOnly		https://ogcincubator.github.io/bblocks-ogcapi-processes/build/annotated/api/processes/v1/schemas/schema/schema.yaml
/properties/poseidon/openScience/workflow/_oneOf/1/properties/wfdesc:hasOutput		https://ogcincubator.github.io/bblocks-openscience/build/annotated/osc/geodcat-stac-earthcode/workflows/schema.yaml
/properties/poseidon/openScience/workflow/_oneOf/1/properties/wfdesc:hasOutput/schema	https://w3id.org/ogc/api/processes/schema	https://ogcincubator.github.io/bblocks-ogcapi-processes/build/annotated/api/processes/v1/schemas/outputDescription/schema.yaml
/properties/poseidon/openScience/workflow/_oneOf/1/links		https://ogcincubator.github.io/bblocks-openscience/build/annotated/osc/geodcat-stac-earthcode/workflows/schema.yaml
/properties/poseidon/openScience/workflow/_oneOf/1/links/_oneOf/0/rel		https://ogcincubator.github.io/bblocks-openscience/build/annotated/osc/geodcat-stac-earthcode/workflows/schema.yaml
/properties/poseidon/openScience/workflow/_oneOf/1/links/_oneOf/1/type		https://ogcincubator.github.io/bblocks-openscience/build/annotated/osc/geodcat-stac-earthcode/common/schema.yaml
/properties/poseidon/openScience/workflow/_oneOf/1/links/_oneOf/1/rel		https://ogcincubator.github.io/bblocks-openscience/build/annotated/osc/geodcat-stac-earthcode/common/schema.yaml
/properties/poseidon/openScience/workflow/_oneOf/2/_oneOf/0/cwlVersion		https://raw.githubusercontent.com/common-workflow-language/cwl-v1.2/refs/heads/main/json-schema/cwl.yaml
/properties/poseidon/openScience/workflow/_oneOf/2/_oneOf/0/s:keywords		https://raw.githubusercontent.com/common-workflow-language/cwl-v1.2/refs/heads/main/json-schema/cwl.yaml
/properties/poseidon/openScience/workflow/_oneOf/2/_oneOf/0/version		https://raw.githubusercontent.com/common-workflow-language/cwl-v1.2/refs/heads/main/json-schema/cwl.yaml
/properties/poseidon/openScience/workflow/_oneOf/2/_oneOf/0/label		https://raw.githubusercontent.com/common-workflow-language/cwl-v1.2/refs/heads/main/json-schema/cwl.yaml
/properties/poseidon/openScience/workflow/_oneOf/2/_oneOf/0/doc		https://raw.githubusercontent.com/common-workflow-language/cwl-v1.2/refs/heads/main/json-schema/cwl.yaml
/properties/poseidon/openScience/workflow/_oneOf/2/_oneOf/0/id		https://raw.githubusercontent.com/common-workflow-language/cwl-v1.2/refs/heads/main/json-schema/cwl.yaml
/properties/poseidon/openScience/workflow/_oneOf/2/_oneOf/0/class		https://raw.githubusercontent.com/common-workflow-language/cwl-v1.2/refs/heads/main/json-schema/cwl.yaml
/properties/poseidon/openScience/workflow/_oneOf/2/_oneOf/0/intent		https://raw.githubusercontent.com/common-workflow-language/cwl-v1.2/refs/heads/main/json-schema/cwl.yaml
/properties/poseidon/openScience/workflow/_oneOf/2/_oneOf/0/requirements		https://raw.githubusercontent.com/common-workflow-language/cwl-v1.2/refs/heads/main/json-schema/cwl.yaml
/properties/poseidon/openScience/workflow/_oneOf/2/_oneOf/0/requirements/_oneOf/0/cwltool:CUDARequirement		https://raw.githubusercontent.com/common-workflow-language/cwl-v1.2/refs/heads/main/json-schema/cwl.yaml
/properties/poseidon/openScience/workflow/_oneOf/2/_oneOf/0/requirements/_oneOf/0/cwltool:CUDARequirement/class		https://raw.githubusercontent.com/common-workflow-language/cwl-v1.2/refs/heads/main/json-schema/cwl.yaml
/properties/poseidon/openScience/workflow/_oneOf/2/_oneOf/0/requirements/_oneOf/0/cwltool:CUDARequirement/cudaVersionMin		https://raw.githubusercontent.com/common-workflow-language/cwl-v1.2/refs/heads/main/json-schema/cwl.yaml
/properties/poseidon/openScience/workflow/_oneOf/2/_oneOf/0/requirements/_oneOf/0/cwltool:CUDARequirement/cudaComputeCapability		https://raw.githubusercontent.com/common-workflow-language/cwl-v1.2/refs/heads/main/json-schema/cwl.yaml
/properties/poseidon/openScience/workflow/_oneOf/2/_oneOf/0/requirements/_oneOf/0/cwltool:CUDARequirement/cudaDeviceCountMin		https://raw.githubusercontent.com/common-workflow-language/cwl-v1.2/refs/heads/main/json-schema/cwl.yaml
/properties/poseidon/openScience/workflow/_oneOf/2/_oneOf/0/requirements/_oneOf/0/cwltool:CUDARequirement/cudaDeviceCountMax		https://raw.githubusercontent.com/common-workflow-language/cwl-v1.2/refs/heads/main/json-schema/cwl.yaml
/properties/poseidon/openScience/workflow/_oneOf/2/_oneOf/0/requirements/_oneOf/0/DockerRequirement		https://raw.githubusercontent.com/common-workflow-language/cwl-v1.2/refs/heads/main/json-schema/cwl.yaml
/properties/poseidon/openScience/workflow/_oneOf/2/_oneOf/0/requirements/_oneOf/0/DockerRequirement/class		https://raw.githubusercontent.com/common-workflow-language/cwl-v1.2/refs/heads/main/json-schema/cwl.yaml
/properties/poseidon/openScience/workflow/_oneOf/2/_oneOf/0/requirements/_oneOf/0/DockerRequirement/dockerPull		https://raw.githubusercontent.com/common-workflow-language/cwl-v1.2/refs/heads/main/json-schema/cwl.yaml
/properties/poseidon/openScience/workflow/_oneOf/2/_oneOf/0/requirements/_oneOf/0/DockerRequirement/dockerImport		https://raw.githubusercontent.com/common-workflow-language/cwl-v1.2/refs/heads/main/json-schema/cwl.yaml
/properties/poseidon/openScience/workflow/_oneOf/2/_oneOf/0/requirements/_oneOf/0/DockerRequirement/dockerLoad		https://raw.githubusercontent.com/common-workflow-language/cwl-v1.2/refs/heads/main/json-schema/cwl.yaml
/properties/poseidon/openScience/workflow/_oneOf/2/_oneOf/0/requirements/_oneOf/0/DockerRequirement/dockerFile		https://raw.githubusercontent.com/common-workflow-language/cwl-v1.2/refs/heads/main/json-schema/cwl.yaml
/properties/poseidon/openScience/workflow/_oneOf/2/_oneOf/0/requirements/_oneOf/0/DockerRequirement/dockerImageId		https://raw.githubusercontent.com/common-workflow-language/cwl-v1.2/refs/heads/main/json-schema/cwl.yaml
/properties/poseidon/openScience/workflow/_oneOf/2/_oneOf/0/requirements/_oneOf/0/DockerRequirement/dockerOutputDirectory		https://raw.githubusercontent.com/common-workflow-language/cwl-v1.2/refs/heads/main/json-schema/cwl.yaml
/properties/poseidon/openScience/workflow/_oneOf/2/_oneOf/0/requirements/_oneOf/0/SoftwareRequirement		https://raw.githubusercontent.com/common-workflow-language/cwl-v1.2/refs/heads/main/json-schema/cwl.yaml
/properties/poseidon/openScience/workflow/_oneOf/2/_oneOf/0/requirements/_oneOf/0/SoftwareRequirement/class		https://raw.githubusercontent.com/common-workflow-language/cwl-v1.2/refs/heads/main/json-schema/cwl.yaml
/properties/poseidon/openScience/workflow/_oneOf/2/_oneOf/0/requirements/_oneOf/0/SoftwareRequirement/packages		https://raw.githubusercontent.com/common-workflow-language/cwl-v1.2/refs/heads/main/json-schema/cwl.yaml
/properties/poseidon/openScience/workflow/_oneOf/2/_oneOf/0/requirements/_oneOf/0/SoftwareRequirement/packages/_oneOf/0/package		https://raw.githubusercontent.com/common-workflow-language/cwl-v1.2/refs/heads/main/json-schema/cwl.yaml
/properties/poseidon/openScience/workflow/_oneOf/2/_oneOf/0/requirements/_oneOf/0/SoftwareRequirement/packages/_oneOf/0/version		https://raw.githubusercontent.com/common-workflow-language/cwl-v1.2/refs/heads/main/json-schema/cwl.yaml
/properties/poseidon/openScience/workflow/_oneOf/2/_oneOf/0/requirements/_oneOf/0/SoftwareRequirement/packages/_oneOf/0/specs		https://raw.githubusercontent.com/common-workflow-language/cwl-v1.2/refs/heads/main/json-schema/cwl.yaml
/properties/poseidon/openScience/workflow/_oneOf/2/_oneOf/0/requirements/_oneOf/0/ShellCommandRequirement		https://raw.githubusercontent.com/common-workflow-language/cwl-v1.2/refs/heads/main/json-schema/cwl.yaml
/properties/poseidon/openScience/workflow/_oneOf/2/_oneOf/0/requirements/_oneOf/0/ShellCommandRequirement/class		https://raw.githubusercontent.com/common-workflow-language/cwl-v1.2/refs/heads/main/json-schema/cwl.yaml
/properties/poseidon/openScience/workflow/_oneOf/2/_oneOf/0/requirements/_oneOf/0/EnvVarRequirement		https://raw.githubusercontent.com/common-workflow-language/cwl-v1.2/refs/heads/main/json-schema/cwl.yaml
/properties/poseidon/openScience/workflow/_oneOf/2/_oneOf/0/requirements/_oneOf/0/EnvVarRequirement/class		https://raw.githubusercontent.com/common-workflow-language/cwl-v1.2/refs/heads/main/json-schema/cwl.yaml
/properties/poseidon/openScience/workflow/_oneOf/2/_oneOf/0/requirements/_oneOf/0/EnvVarRequirement/envDef		https://raw.githubusercontent.com/common-workflow-language/cwl-v1.2/refs/heads/main/json-schema/cwl.yaml
/properties/poseidon/openScience/workflow/_oneOf/2/_oneOf/0/requirements/_oneOf/0/EnvVarRequirement/envDef/_oneOf/0/envName		https://raw.githubusercontent.com/common-workflow-language/cwl-v1.2/refs/heads/main/json-schema/cwl.yaml
/properties/poseidon/openScience/workflow/_oneOf/2/_oneOf/0/requirements/_oneOf/0/EnvVarRequirement/envDef/_oneOf/0/envValue		https://raw.githubusercontent.com/common-workflow-language/cwl-v1.2/refs/heads/main/json-schema/cwl.yaml
/properties/poseidon/openScience/workflow/_oneOf/2/_oneOf/0/requirements/_oneOf/0/SchemaDefRequirement		https://raw.githubusercontent.com/common-workflow-language/cwl-v1.2/refs/heads/main/json-schema/cwl.yaml
/properties/poseidon/openScience/workflow/_oneOf/2/_oneOf/0/requirements/_oneOf/0/SchemaDefRequirement/class		https://raw.githubusercontent.com/common-workflow-language/cwl-v1.2/refs/heads/main/json-schema/cwl.yaml
/properties/poseidon/openScience/workflow/_oneOf/2/_oneOf/0/requirements/_oneOf/0/SchemaDefRequirement/types		https://raw.githubusercontent.com/common-workflow-language/cwl-v1.2/refs/heads/main/json-schema/cwl.yaml
/properties/poseidon/openScience/workflow/_oneOf/2/_oneOf/0/requirements/_oneOf/0/SchemaDefRequirement/types/_oneOf/0/type		https://raw.githubusercontent.com/common-workflow-language/cwl-v1.2/refs/heads/main/json-schema/cwl.yaml
/properties/poseidon/openScience/workflow/_oneOf/2/_oneOf/0/requirements/_oneOf/0/SchemaDefRequirement/types/_oneOf/0/symbols		https://raw.githubusercontent.com/common-workflow-language/cwl-v1.2/refs/heads/main/json-schema/cwl.yaml
/properties/poseidon/openScience/workflow/_oneOf/2/_oneOf/0/requirements/_oneOf/0/SchemaDefRequirement/types/_oneOf/1/type		https://raw.githubusercontent.com/common-workflow-language/cwl-v1.2/refs/heads/main/json-schema/cwl.yaml
/properties/poseidon/openScience/workflow/_oneOf/2/_oneOf/0/requirements/_oneOf/0/SchemaDefRequirement/types/_oneOf/1/fields		https://raw.githubusercontent.com/common-workflow-language/cwl-v1.2/refs/heads/main/json-schema/cwl.yaml
/properties/poseidon/openScience/workflow/_oneOf/2/_oneOf/0/requirements/_oneOf/0/SchemaDefRequirement/types/_oneOf/1/fields/_oneOf/0/_oneOf/0/_oneOf/0/_oneOf/1/type		https://raw.githubusercontent.com/common-workflow-language/cwl-v1.2/refs/heads/main/json-schema/cwl.yaml
/properties/poseidon/openScience/workflow/_oneOf/2/_oneOf/0/requirements/_oneOf/0/SchemaDefRequirement/types/_oneOf/1/fields/_oneOf/0/_oneOf/0/_oneOf/0/_oneOf/1/items		https://raw.githubusercontent.com/common-workflow-language/cwl-v1.2/refs/heads/main/json-schema/cwl.yaml
/properties/poseidon/openScience/workflow/_oneOf/2/_oneOf/0/requirements/_oneOf/0/SchemaDefRequirement/types/_oneOf/1/fields/_oneOf/0/_oneOf/1/name		https://raw.githubusercontent.com/common-workflow-language/cwl-v1.2/refs/heads/main/json-schema/cwl.yaml
/properties/poseidon/openScience/workflow/_oneOf/2/_oneOf/0/requirements/_oneOf/0/SchemaDefRequirement/types/_oneOf/1/fields/_oneOf/0/_oneOf/1/type		https://raw.githubusercontent.com/common-workflow-language/cwl-v1.2/refs/heads/main/json-schema/cwl.yaml
/properties/poseidon/openScience/workflow/_oneOf/2/_oneOf/0/requirements/_oneOf/0/SchemaDefRequirement/types/_oneOf/1/fields/_oneOf/0/_oneOf/1/_then/secondaryFiles		https://raw.githubusercontent.com/common-workflow-language/cwl-v1.2/refs/heads/main/json-schema/cwl.yaml
/properties/poseidon/openScience/workflow/_oneOf/2/_oneOf/0/requirements/_oneOf/0/SchemaDefRequirement/types/_oneOf/1/fields/_oneOf/0/_oneOf/1/_then/secondaryFiles/_oneOf/1/pattern		https://raw.githubusercontent.com/common-workflow-language/cwl-v1.2/refs/heads/main/json-schema/cwl.yaml
/properties/poseidon/openScience/workflow/_oneOf/2/_oneOf/0/requirements/_oneOf/0/SchemaDefRequirement/types/_oneOf/1/fields/_oneOf/0/_oneOf/1/_then/secondaryFiles/_oneOf/1/required		https://raw.githubusercontent.com/common-workflow-language/cwl-v1.2/refs/heads/main/json-schema/cwl.yaml
/properties/poseidon/openScience/workflow/_oneOf/2/_oneOf/0/requirements/_oneOf/0/SchemaDefRequirement/types/_oneOf/1/fields/_oneOf/0/_oneOf/1/_then/streamable		https://raw.githubusercontent.com/common-workflow-language/cwl-v1.2/refs/heads/main/json-schema/cwl.yaml
/properties/poseidon/openScience/workflow/_oneOf/2/_oneOf/0/requirements/_oneOf/0/SchemaDefRequirement/types/_oneOf/1/fields/_oneOf/0/_oneOf/1/_then/format		https://raw.githubusercontent.com/common-workflow-language/cwl-v1.2/refs/heads/main/json-schema/cwl.yaml
/properties/poseidon/openScience/workflow/_oneOf/2/_oneOf/0/requirements/_oneOf/0/SchemaDefRequirement/types/_oneOf/1/fields/_oneOf/0/_oneOf/1/_then/loadContents		https://raw.githubusercontent.com/common-workflow-language/cwl-v1.2/refs/heads/main/json-schema/cwl.yaml
/properties/poseidon/openScience/workflow/_oneOf/2/_oneOf/0/requirements/_oneOf/0/SchemaDefRequirement/types/_oneOf/1/fields/_oneOf/0/_oneOf/1/_then/loadListing		https://raw.githubusercontent.com/common-workflow-language/cwl-v1.2/refs/heads/main/json-schema/cwl.yaml
/properties/poseidon/openScience/workflow/_oneOf/2/_oneOf/0/requirements/_oneOf/0/SchemaDefRequirement/types/_oneOf/1/name		https://raw.githubusercontent.com/common-workflow-language/cwl-v1.2/refs/heads/main/json-schema/cwl.yaml
/properties/poseidon/openScience/workflow/_oneOf/2/_oneOf/0/requirements/_oneOf/0/SchemaDefRequirement/types/_oneOf/2/type		https://raw.githubusercontent.com/common-workflow-language/cwl-v1.2/refs/heads/main/json-schema/cwl.yaml
/properties/poseidon/openScience/workflow/_oneOf/2/_oneOf/0/requirements/_oneOf/0/SchemaDefRequirement/types/_oneOf/2/items		https://raw.githubusercontent.com/common-workflow-language/cwl-v1.2/refs/heads/main/json-schema/cwl.yaml
/properties/poseidon/openScience/workflow/_oneOf/2/_oneOf/0/requirements/_oneOf/0/SchemaDefRequirement/types/_oneOf/3/$import		https://raw.githubusercontent.com/common-workflow-language/cwl-v1.2/refs/heads/main/json-schema/cwl.yaml
/properties/poseidon/openScience/workflow/_oneOf/2/_oneOf/0/requirements/_oneOf/0/InitialWorkDirRequirement		https://raw.githubusercontent.com/common-workflow-language/cwl-v1.2/refs/heads/main/json-schema/cwl.yaml
/properties/poseidon/openScience/workflow/_oneOf/2/_oneOf/0/requirements/_oneOf/0/InitialWorkDirRequirement/class		https://raw.githubusercontent.com/common-workflow-language/cwl-v1.2/refs/heads/main/json-schema/cwl.yaml
/properties/poseidon/openScience/workflow/_oneOf/2/_oneOf/0/requirements/_oneOf/0/InitialWorkDirRequirement/listing		https://raw.githubusercontent.com/common-workflow-language/cwl-v1.2/refs/heads/main/json-schema/cwl.yaml
/properties/poseidon/openScience/workflow/_oneOf/2/_oneOf/0/requirements/_oneOf/0/InitialWorkDirRequirement/listing/_oneOf/1/_oneOf/2/entry		https://raw.githubusercontent.com/common-workflow-language/cwl-v1.2/refs/heads/main/json-schema/cwl.yaml
/properties/poseidon/openScience/workflow/_oneOf/2/_oneOf/0/requirements/_oneOf/0/InitialWorkDirRequirement/listing/_oneOf/1/_oneOf/2/entryname		https://raw.githubusercontent.com/common-workflow-language/cwl-v1.2/refs/heads/main/json-schema/cwl.yaml
/properties/poseidon/openScience/workflow/_oneOf/2/_oneOf/0/requirements/_oneOf/0/InitialWorkDirRequirement/listing/_oneOf/1/_oneOf/2/writable		https://raw.githubusercontent.com/common-workflow-language/cwl-v1.2/refs/heads/main/json-schema/cwl.yaml
/properties/poseidon/openScience/workflow/_oneOf/2/_oneOf/0/requirements/_oneOf/0/InitialWorkDirRequirement/listing/_oneOf/1/_oneOf/3/class		https://raw.githubusercontent.com/common-workflow-language/cwl-v1.2/refs/heads/main/json-schema/cwl.yaml
/properties/poseidon/openScience/workflow/_oneOf/2/_oneOf/0/requirements/_oneOf/0/InitialWorkDirRequirement/listing/_oneOf/1/_oneOf/3/location		https://raw.githubusercontent.com/common-workflow-language/cwl-v1.2/refs/heads/main/json-schema/cwl.yaml
/properties/poseidon/openScience/workflow/_oneOf/2/_oneOf/0/requirements/_oneOf/0/InitialWorkDirRequirement/listing/_oneOf/1/_oneOf/3/checksum		https://raw.githubusercontent.com/common-workflow-language/cwl-v1.2/refs/heads/main/json-schema/cwl.yaml
/properties/poseidon/openScience/workflow/_oneOf/2/_oneOf/0/requirements/_oneOf/0/InitialWorkDirRequirement/listing/_oneOf/1/_oneOf/3/size		https://raw.githubusercontent.com/common-workflow-language/cwl-v1.2/refs/heads/main/json-schema/cwl.yaml
/properties/poseidon/openScience/workflow/_oneOf/2/_oneOf/0/requirements/_oneOf/0/InlineJavascriptRequirement		https://raw.githubusercontent.com/common-workflow-language/cwl-v1.2/refs/heads/main/json-schema/cwl.yaml
/properties/poseidon/openScience/workflow/_oneOf/2/_oneOf/0/requirements/_oneOf/0/InlineJavascriptRequirement/class		https://raw.githubusercontent.com/common-workflow-language/cwl-v1.2/refs/heads/main/json-schema/cwl.yaml
/properties/poseidon/openScience/workflow/_oneOf/2/_oneOf/0/requirements/_oneOf/0/InlineJavascriptRequirement/expressionLib		https://raw.githubusercontent.com/common-workflow-language/cwl-v1.2/refs/heads/main/json-schema/cwl.yaml
/properties/poseidon/openScience/workflow/_oneOf/2/_oneOf/0/requirements/_oneOf/0/InlineJavascriptRequirement/expressionLib/_oneOf/1/$include		https://raw.githubusercontent.com/common-workflow-language/cwl-v1.2/refs/heads/main/json-schema/cwl.yaml
/properties/poseidon/openScience/workflow/_oneOf/2/_oneOf/0/requirements/_oneOf/0/InplaceUpdateRequirement		https://raw.githubusercontent.com/common-workflow-language/cwl-v1.2/refs/heads/main/json-schema/cwl.yaml
/properties/poseidon/openScience/workflow/_oneOf/2/_oneOf/0/requirements/_oneOf/0/InplaceUpdateRequirement/class		https://raw.githubusercontent.com/common-workflow-language/cwl-v1.2/refs/heads/main/json-schema/cwl.yaml
/properties/poseidon/openScience/workflow/_oneOf/2/_oneOf/0/requirements/_oneOf/0/InplaceUpdateRequirement/inplaceUpdate		https://raw.githubusercontent.com/common-workflow-language/cwl-v1.2/refs/heads/main/json-schema/cwl.yaml
/properties/poseidon/openScience/workflow/_oneOf/2/_oneOf/0/requirements/_oneOf/0/LoadListingRequirement		https://raw.githubusercontent.com/common-workflow-language/cwl-v1.2/refs/heads/main/json-schema/cwl.yaml
/properties/poseidon/openScience/workflow/_oneOf/2/_oneOf/0/requirements/_oneOf/0/LoadListingRequirement/class		https://raw.githubusercontent.com/common-workflow-language/cwl-v1.2/refs/heads/main/json-schema/cwl.yaml
/properties/poseidon/openScience/workflow/_oneOf/2/_oneOf/0/requirements/_oneOf/0/LoadListingRequirement/loadListing		https://raw.githubusercontent.com/common-workflow-language/cwl-v1.2/refs/heads/main/json-schema/cwl.yaml
/properties/poseidon/openScience/workflow/_oneOf/2/_oneOf/0/requirements/_oneOf/0/NetworkAccess		https://raw.githubusercontent.com/common-workflow-language/cwl-v1.2/refs/heads/main/json-schema/cwl.yaml
/properties/poseidon/openScience/workflow/_oneOf/2/_oneOf/0/requirements/_oneOf/0/NetworkAccess/class		https://raw.githubusercontent.com/common-workflow-language/cwl-v1.2/refs/heads/main/json-schema/cwl.yaml
/properties/poseidon/openScience/workflow/_oneOf/2/_oneOf/0/requirements/_oneOf/0/NetworkAccess/networkAccess		https://raw.githubusercontent.com/common-workflow-language/cwl-v1.2/refs/heads/main/json-schema/cwl.yaml
/properties/poseidon/openScience/workflow/_oneOf/2/_oneOf/0/requirements/_oneOf/0/ResourceRequirement		https://raw.githubusercontent.com/common-workflow-language/cwl-v1.2/refs/heads/main/json-schema/cwl.yaml
/properties/poseidon/openScience/workflow/_oneOf/2/_oneOf/0/requirements/_oneOf/0/ResourceRequirement/class		https://raw.githubusercontent.com/common-workflow-language/cwl-v1.2/refs/heads/main/json-schema/cwl.yaml
/properties/poseidon/openScience/workflow/_oneOf/2/_oneOf/0/requirements/_oneOf/0/ResourceRequirement/coresMin		https://raw.githubusercontent.com/common-workflow-language/cwl-v1.2/refs/heads/main/json-schema/cwl.yaml
/properties/poseidon/openScience/workflow/_oneOf/2/_oneOf/0/requirements/_oneOf/0/ResourceRequirement/coresMax		https://raw.githubusercontent.com/common-workflow-language/cwl-v1.2/refs/heads/main/json-schema/cwl.yaml
/properties/poseidon/openScience/workflow/_oneOf/2/_oneOf/0/requirements/_oneOf/0/ResourceRequirement/ramMin		https://raw.githubusercontent.com/common-workflow-language/cwl-v1.2/refs/heads/main/json-schema/cwl.yaml
/properties/poseidon/openScience/workflow/_oneOf/2/_oneOf/0/requirements/_oneOf/0/ResourceRequirement/ramMax		https://raw.githubusercontent.com/common-workflow-language/cwl-v1.2/refs/heads/main/json-schema/cwl.yaml
/properties/poseidon/openScience/workflow/_oneOf/2/_oneOf/0/requirements/_oneOf/0/ResourceRequirement/tmpdirMin		https://raw.githubusercontent.com/common-workflow-language/cwl-v1.2/refs/heads/main/json-schema/cwl.yaml
/properties/poseidon/openScience/workflow/_oneOf/2/_oneOf/0/requirements/_oneOf/0/ResourceRequirement/tmpdirMax		https://raw.githubusercontent.com/common-workflow-language/cwl-v1.2/refs/heads/main/json-schema/cwl.yaml
/properties/poseidon/openScience/workflow/_oneOf/2/_oneOf/0/requirements/_oneOf/0/ResourceRequirement/outdirMin		https://raw.githubusercontent.com/common-workflow-language/cwl-v1.2/refs/heads/main/json-schema/cwl.yaml
/properties/poseidon/openScience/workflow/_oneOf/2/_oneOf/0/requirements/_oneOf/0/ResourceRequirement/outdirMax		https://raw.githubusercontent.com/common-workflow-language/cwl-v1.2/refs/heads/main/json-schema/cwl.yaml
/properties/poseidon/openScience/workflow/_oneOf/2/_oneOf/0/requirements/_oneOf/0/ScatterFeatureRequirement		https://raw.githubusercontent.com/common-workflow-language/cwl-v1.2/refs/heads/main/json-schema/cwl.yaml
/properties/poseidon/openScience/workflow/_oneOf/2/_oneOf/0/requirements/_oneOf/0/ScatterFeatureRequirement/class		https://raw.githubusercontent.com/common-workflow-language/cwl-v1.2/refs/heads/main/json-schema/cwl.yaml
/properties/poseidon/openScience/workflow/_oneOf/2/_oneOf/0/requirements/_oneOf/0/ToolTimeLimit		https://raw.githubusercontent.com/common-workflow-language/cwl-v1.2/refs/heads/main/json-schema/cwl.yaml
/properties/poseidon/openScience/workflow/_oneOf/2/_oneOf/0/requirements/_oneOf/0/ToolTimeLimit/class		https://raw.githubusercontent.com/common-workflow-language/cwl-v1.2/refs/heads/main/json-schema/cwl.yaml
/properties/poseidon/openScience/workflow/_oneOf/2/_oneOf/0/requirements/_oneOf/0/ToolTimeLimit/timelimit		https://raw.githubusercontent.com/common-workflow-language/cwl-v1.2/refs/heads/main/json-schema/cwl.yaml
/properties/poseidon/openScience/workflow/_oneOf/2/_oneOf/0/requirements/_oneOf/0/WorkReuse		https://raw.githubusercontent.com/common-workflow-language/cwl-v1.2/refs/heads/main/json-schema/cwl.yaml
/properties/poseidon/openScience/workflow/_oneOf/2/_oneOf/0/requirements/_oneOf/0/WorkReuse/class		https://raw.githubusercontent.com/common-workflow-language/cwl-v1.2/refs/heads/main/json-schema/cwl.yaml
/properties/poseidon/openScience/workflow/_oneOf/2/_oneOf/0/requirements/_oneOf/0/WorkReuse/enableReuse		https://raw.githubusercontent.com/common-workflow-language/cwl-v1.2/refs/heads/main/json-schema/cwl.yaml
/properties/poseidon/openScience/workflow/_oneOf/2/_oneOf/0/requirements/_oneOf/0/MultipleInputFeatureRequirement		https://raw.githubusercontent.com/common-workflow-language/cwl-v1.2/refs/heads/main/json-schema/cwl.yaml
/properties/poseidon/openScience/workflow/_oneOf/2/_oneOf/0/requirements/_oneOf/0/MultipleInputFeatureRequirement/class		https://raw.githubusercontent.com/common-workflow-language/cwl-v1.2/refs/heads/main/json-schema/cwl.yaml
/properties/poseidon/openScience/workflow/_oneOf/2/_oneOf/0/requirements/_oneOf/0/StepInputExpressionRequirement		https://raw.githubusercontent.com/common-workflow-language/cwl-v1.2/refs/heads/main/json-schema/cwl.yaml
/properties/poseidon/openScience/workflow/_oneOf/2/_oneOf/0/requirements/_oneOf/0/StepInputExpressionRequirement/class		https://raw.githubusercontent.com/common-workflow-language/cwl-v1.2/refs/heads/main/json-schema/cwl.yaml
/properties/poseidon/openScience/workflow/_oneOf/2/_oneOf/0/requirements/_oneOf/0/SubworkflowFeatureRequirement		https://raw.githubusercontent.com/common-workflow-language/cwl-v1.2/refs/heads/main/json-schema/cwl.yaml
/properties/poseidon/openScience/workflow/_oneOf/2/_oneOf/0/requirements/_oneOf/0/SubworkflowFeatureRequirement/class		https://raw.githubusercontent.com/common-workflow-language/cwl-v1.2/refs/heads/main/json-schema/cwl.yaml
/properties/poseidon/openScience/workflow/_oneOf/2/_oneOf/0/hints		https://raw.githubusercontent.com/common-workflow-language/cwl-v1.2/refs/heads/main/json-schema/cwl.yaml
/properties/poseidon/openScience/workflow/_oneOf/2/_oneOf/0/hints/_oneOf/0/_anyOf/1/class		https://raw.githubusercontent.com/common-workflow-language/cwl-v1.2/refs/heads/main/json-schema/cwl.yaml
/properties/poseidon/openScience/workflow/_oneOf/2/_oneOf/0/hints/_oneOf/0/_anyOf/1/BuiltinRequirement		https://raw.githubusercontent.com/common-workflow-language/cwl-v1.2/refs/heads/main/json-schema/cwl.yaml
/properties/poseidon/openScience/workflow/_oneOf/2/_oneOf/0/hints/_oneOf/0/_anyOf/1/BuiltinRequirement/class		https://raw.githubusercontent.com/common-workflow-language/cwl-v1.2/refs/heads/main/json-schema/cwl.yaml
/properties/poseidon/openScience/workflow/_oneOf/2/_oneOf/0/hints/_oneOf/0/_anyOf/1/BuiltinRequirement/process		https://raw.githubusercontent.com/common-workflow-language/cwl-v1.2/refs/heads/main/json-schema/cwl.yaml
/properties/poseidon/openScience/workflow/_oneOf/2/_oneOf/0/hints/_oneOf/0/_anyOf/1/OGCAPIRequirement		https://raw.githubusercontent.com/common-workflow-language/cwl-v1.2/refs/heads/main/json-schema/cwl.yaml
/properties/poseidon/openScience/workflow/_oneOf/2/_oneOf/0/hints/_oneOf/0/_anyOf/1/OGCAPIRequirement/class		https://raw.githubusercontent.com/common-workflow-language/cwl-v1.2/refs/heads/main/json-schema/cwl.yaml
/properties/poseidon/openScience/workflow/_oneOf/2/_oneOf/0/hints/_oneOf/0/_anyOf/1/OGCAPIRequirement/process		https://raw.githubusercontent.com/common-workflow-language/cwl-v1.2/refs/heads/main/json-schema/cwl.yaml
/properties/poseidon/openScience/workflow/_oneOf/2/_oneOf/0/hints/_oneOf/0/_anyOf/1/WPS1Requirement		https://raw.githubusercontent.com/common-workflow-language/cwl-v1.2/refs/heads/main/json-schema/cwl.yaml
/properties/poseidon/openScience/workflow/_oneOf/2/_oneOf/0/hints/_oneOf/0/_anyOf/1/WPS1Requirement/class		https://raw.githubusercontent.com/common-workflow-language/cwl-v1.2/refs/heads/main/json-schema/cwl.yaml
/properties/poseidon/openScience/workflow/_oneOf/2/_oneOf/0/hints/_oneOf/0/_anyOf/1/WPS1Requirement/process		https://raw.githubusercontent.com/common-workflow-language/cwl-v1.2/refs/heads/main/json-schema/cwl.yaml
/properties/poseidon/openScience/workflow/_oneOf/2/_oneOf/0/hints/_oneOf/0/_anyOf/1/WPS1Requirement/provider		https://raw.githubusercontent.com/common-workflow-language/cwl-v1.2/refs/heads/main/json-schema/cwl.yaml
/properties/poseidon/openScience/workflow/_oneOf/2/_oneOf/0/baseCommand		https://raw.githubusercontent.com/common-workflow-language/cwl-v1.2/refs/heads/main/json-schema/cwl.yaml
/properties/poseidon/openScience/workflow/_oneOf/2/_oneOf/0/arguments		https://raw.githubusercontent.com/common-workflow-language/cwl-v1.2/refs/heads/main/json-schema/cwl.yaml
/properties/poseidon/openScience/workflow/_oneOf/2/_oneOf/0/arguments/_oneOf/1/prefix		https://raw.githubusercontent.com/common-workflow-language/cwl-v1.2/refs/heads/main/json-schema/cwl.yaml
/properties/poseidon/openScience/workflow/_oneOf/2/_oneOf/0/arguments/_oneOf/1/position		https://raw.githubusercontent.com/common-workflow-language/cwl-v1.2/refs/heads/main/json-schema/cwl.yaml
/properties/poseidon/openScience/workflow/_oneOf/2/_oneOf/0/arguments/_oneOf/1/valueFrom		https://raw.githubusercontent.com/common-workflow-language/cwl-v1.2/refs/heads/main/json-schema/cwl.yaml
/properties/poseidon/openScience/workflow/_oneOf/2/_oneOf/0/arguments/_oneOf/1/itemSeparator		https://raw.githubusercontent.com/common-workflow-language/cwl-v1.2/refs/heads/main/json-schema/cwl.yaml
/properties/poseidon/openScience/workflow/_oneOf/2/_oneOf/0/arguments/_oneOf/1/shellQuote		https://raw.githubusercontent.com/common-workflow-language/cwl-v1.2/refs/heads/main/json-schema/cwl.yaml
/properties/poseidon/openScience/workflow/_oneOf/2/_oneOf/0/inputs		https://raw.githubusercontent.com/common-workflow-language/cwl-v1.2/refs/heads/main/json-schema/cwl.yaml
/properties/poseidon/openScience/workflow/_oneOf/2/_oneOf/0/inputs/_oneOf/0/type		https://raw.githubusercontent.com/common-workflow-language/cwl-v1.2/refs/heads/main/json-schema/cwl.yaml
/properties/poseidon/openScience/workflow/_oneOf/2/_oneOf/0/inputs/_oneOf/0/type/_oneOf/1/_oneOf/1/type		https://raw.githubusercontent.com/common-workflow-language/cwl-v1.2/refs/heads/main/json-schema/cwl.yaml
/properties/poseidon/openScience/workflow/_oneOf/2/_oneOf/0/inputs/_oneOf/0/inputBinding		https://raw.githubusercontent.com/common-workflow-language/cwl-v1.2/refs/heads/main/json-schema/cwl.yaml
/properties/poseidon/openScience/workflow/_oneOf/2/_oneOf/0/inputs/_oneOf/0/id		https://raw.githubusercontent.com/common-workflow-language/cwl-v1.2/refs/heads/main/json-schema/cwl.yaml
/properties/poseidon/openScience/workflow/_oneOf/2/_oneOf/0/inputs/_oneOf/0/default		https://raw.githubusercontent.com/common-workflow-language/cwl-v1.2/refs/heads/main/json-schema/cwl.yaml
/properties/poseidon/openScience/workflow/_oneOf/2/_oneOf/0/inputs/_oneOf/0/_then/default		https://raw.githubusercontent.com/common-workflow-language/cwl-v1.2/refs/heads/main/json-schema/cwl.yaml
/properties/poseidon/openScience/workflow/_oneOf/2/_oneOf/0/inputs/_oneOf/0/_then/default/class		https://raw.githubusercontent.com/common-workflow-language/cwl-v1.2/refs/heads/main/json-schema/cwl.yaml
/properties/poseidon/openScience/workflow/_oneOf/2/_oneOf/0/inputs/_oneOf/0/_then/default/path		https://raw.githubusercontent.com/common-workflow-language/cwl-v1.2/refs/heads/main/json-schema/cwl.yaml
/properties/poseidon/openScience/workflow/_oneOf/2/_oneOf/0/inputs/_oneOf/0/_then/default/location		https://raw.githubusercontent.com/common-workflow-language/cwl-v1.2/refs/heads/main/json-schema/cwl.yaml
/properties/poseidon/openScience/workflow/_oneOf/2/_oneOf/0/inputs/_oneOf/0/_then/default/basename		https://raw.githubusercontent.com/common-workflow-language/cwl-v1.2/refs/heads/main/json-schema/cwl.yaml
/properties/poseidon/openScience/workflow/_oneOf/2/_oneOf/0/inputs/_oneOf/0/_then/default/nameroot		https://raw.githubusercontent.com/common-workflow-language/cwl-v1.2/refs/heads/main/json-schema/cwl.yaml
/properties/poseidon/openScience/workflow/_oneOf/2/_oneOf/0/inputs/_oneOf/1/_oneOf/1/type		https://raw.githubusercontent.com/common-workflow-language/cwl-v1.2/refs/heads/main/json-schema/cwl.yaml
/properties/poseidon/openScience/workflow/_oneOf/2/_oneOf/0/inputs/_oneOf/1/_oneOf/1/inputBinding		https://raw.githubusercontent.com/common-workflow-language/cwl-v1.2/refs/heads/main/json-schema/cwl.yaml
/properties/poseidon/openScience/workflow/_oneOf/2/_oneOf/0/outputs		https://raw.githubusercontent.com/common-workflow-language/cwl-v1.2/refs/heads/main/json-schema/cwl.yaml
/properties/poseidon/openScience/workflow/_oneOf/2/_oneOf/0/outputs/_oneOf/0/type		https://raw.githubusercontent.com/common-workflow-language/cwl-v1.2/refs/heads/main/json-schema/cwl.yaml
/properties/poseidon/openScience/workflow/_oneOf/2/_oneOf/0/outputs/_oneOf/0/type/_oneOf/1/_oneOf/1/type		https://raw.githubusercontent.com/common-workflow-language/cwl-v1.2/refs/heads/main/json-schema/cwl.yaml
/properties/poseidon/openScience/workflow/_oneOf/2/_oneOf/0/outputs/_oneOf/0/type/_oneOf/2/_oneOf/1/type		https://raw.githubusercontent.com/common-workflow-language/cwl-v1.2/refs/heads/main/json-schema/cwl.yaml
/properties/poseidon/openScience/workflow/_oneOf/2/_oneOf/0/outputs/_oneOf/0/outputBinding		https://raw.githubusercontent.com/common-workflow-language/cwl-v1.2/refs/heads/main/json-schema/cwl.yaml
/properties/poseidon/openScience/workflow/_oneOf/2/_oneOf/0/outputs/_oneOf/0/outputBinding/glob		https://raw.githubusercontent.com/common-workflow-language/cwl-v1.2/refs/heads/main/json-schema/cwl.yaml
/properties/poseidon/openScience/workflow/_oneOf/2/_oneOf/0/outputs/_oneOf/0/id		https://raw.githubusercontent.com/common-workflow-language/cwl-v1.2/refs/heads/main/json-schema/cwl.yaml
/properties/poseidon/openScience/workflow/_oneOf/2/_oneOf/0/outputs/_oneOf/1/_oneOf/1/type		https://raw.githubusercontent.com/common-workflow-language/cwl-v1.2/refs/heads/main/json-schema/cwl.yaml
/properties/poseidon/openScience/workflow/_oneOf/2/_oneOf/0/outputs/_oneOf/1/_oneOf/1/outputBinding		https://raw.githubusercontent.com/common-workflow-language/cwl-v1.2/refs/heads/main/json-schema/cwl.yaml
/properties/poseidon/openScience/workflow/_oneOf/2/_oneOf/0/stdin		https://raw.githubusercontent.com/common-workflow-language/cwl-v1.2/refs/heads/main/json-schema/cwl.yaml
/properties/poseidon/openScience/workflow/_oneOf/2/_oneOf/0/stdout		https://raw.githubusercontent.com/common-workflow-language/cwl-v1.2/refs/heads/main/json-schema/cwl.yaml
/properties/poseidon/openScience/workflow/_oneOf/2/_oneOf/0/stderr		https://raw.githubusercontent.com/common-workflow-language/cwl-v1.2/refs/heads/main/json-schema/cwl.yaml
/properties/poseidon/openScience/workflow/_oneOf/2/_oneOf/0/scatter		https://raw.githubusercontent.com/common-workflow-language/cwl-v1.2/refs/heads/main/json-schema/cwl.yaml
/properties/poseidon/openScience/workflow/_oneOf/2/_oneOf/0/scatterMethod		https://raw.githubusercontent.com/common-workflow-language/cwl-v1.2/refs/heads/main/json-schema/cwl.yaml
/properties/poseidon/openScience/workflow/_oneOf/2/_oneOf/1/$graph		https://raw.githubusercontent.com/common-workflow-language/cwl-v1.2/refs/heads/main/json-schema/cwl.yaml
/properties/poseidon/openScience/workflow/_oneOf/2/_oneOf/1/$graph/class		https://raw.githubusercontent.com/common-workflow-language/cwl-v1.2/refs/heads/main/json-schema/cwl.yaml
/properties/poseidon/openScience/workflow/_oneOf/2/_oneOf/1/$graph/id		https://raw.githubusercontent.com/common-workflow-language/cwl-v1.2/refs/heads/main/json-schema/cwl.yaml
/properties/poseidon/openScience/workflow/_oneOf/2/_oneOf/1/$graph/intent		https://raw.githubusercontent.com/common-workflow-language/cwl-v1.2/refs/heads/main/json-schema/cwl.yaml
/properties/poseidon/openScience/workflow/_oneOf/2/_oneOf/1/$graph/requirements		https://raw.githubusercontent.com/common-workflow-language/cwl-v1.2/refs/heads/main/json-schema/cwl.yaml
/properties/poseidon/openScience/workflow/_oneOf/2/_oneOf/1/$graph/hints		https://raw.githubusercontent.com/common-workflow-language/cwl-v1.2/refs/heads/main/json-schema/cwl.yaml
/properties/poseidon/openScience/workflow/_oneOf/2/_oneOf/1/$graph/baseCommand		https://raw.githubusercontent.com/common-workflow-language/cwl-v1.2/refs/heads/main/json-schema/cwl.yaml
/properties/poseidon/openScience/workflow/_oneOf/2/_oneOf/1/$graph/arguments		https://raw.githubusercontent.com/common-workflow-language/cwl-v1.2/refs/heads/main/json-schema/cwl.yaml
/properties/poseidon/openScience/workflow/_oneOf/2/_oneOf/1/$graph/inputs		https://raw.githubusercontent.com/common-workflow-language/cwl-v1.2/refs/heads/main/json-schema/cwl.yaml
/properties/poseidon/openScience/workflow/_oneOf/2/_oneOf/1/$graph/outputs		https://raw.githubusercontent.com/common-workflow-language/cwl-v1.2/refs/heads/main/json-schema/cwl.yaml
/properties/poseidon/openScience/workflow/_oneOf/2/_oneOf/1/$graph/scatter		https://raw.githubusercontent.com/common-workflow-language/cwl-v1.2/refs/heads/main/json-schema/cwl.yaml
/properties/poseidon/openScience/workflow/_oneOf/2/_oneOf/1/$graph/scatterMethod		https://raw.githubusercontent.com/common-workflow-language/cwl-v1.2/refs/heads/main/json-schema/cwl.yaml
/properties/poseidon/openScience/workflow/_oneOf/2/_oneOf/2/class		https://raw.githubusercontent.com/common-workflow-language/cwl-v1.2/refs/heads/main/json-schema/cwl.yaml
/properties/poseidon/openScience/workflow/_oneOf/2/_oneOf/2/steps		https://raw.githubusercontent.com/common-workflow-language/cwl-v1.2/refs/heads/main/json-schema/cwl.yaml
/properties/poseidon/openScience/workflow/_oneOf/2/_oneOf/2/steps/_oneOf/0/in		https://raw.githubusercontent.com/common-workflow-language/cwl-v1.2/refs/heads/main/json-schema/cwl.yaml
/properties/poseidon/openScience/workflow/_oneOf/2/_oneOf/2/steps/_oneOf/0/in/_oneOf/0/_oneOf/2/source		https://raw.githubusercontent.com/common-workflow-language/cwl-v1.2/refs/heads/main/json-schema/cwl.yaml
/properties/poseidon/openScience/workflow/_oneOf/2/_oneOf/2/steps/_oneOf/0/in/_oneOf/0/_oneOf/2/linkMerge		https://raw.githubusercontent.com/common-workflow-language/cwl-v1.2/refs/heads/main/json-schema/cwl.yaml
/properties/poseidon/openScience/workflow/_oneOf/2/_oneOf/2/steps/_oneOf/0/in/_oneOf/0/_oneOf/2/valueFrom		https://raw.githubusercontent.com/common-workflow-language/cwl-v1.2/refs/heads/main/json-schema/cwl.yaml
/properties/poseidon/openScience/workflow/_oneOf/2/_oneOf/2/steps/_oneOf/0/in/_oneOf/0/_oneOf/2/default		https://raw.githubusercontent.com/common-workflow-language/cwl-v1.2/refs/heads/main/json-schema/cwl.yaml
/properties/poseidon/openScience/workflow/_oneOf/2/_oneOf/2/steps/_oneOf/0/in/_oneOf/1/id		https://raw.githubusercontent.com/common-workflow-language/cwl-v1.2/refs/heads/main/json-schema/cwl.yaml
/properties/poseidon/openScience/workflow/_oneOf/2/_oneOf/2/steps/_oneOf/0/run		https://raw.githubusercontent.com/common-workflow-language/cwl-v1.2/refs/heads/main/json-schema/cwl.yaml
/properties/poseidon/openScience/workflow/_oneOf/2/_oneOf/2/steps/_oneOf/0/when		https://raw.githubusercontent.com/common-workflow-language/cwl-v1.2/refs/heads/main/json-schema/cwl.yaml
/properties/poseidon/openScience/workflow/_oneOf/2/_oneOf/2/steps/_oneOf/0/out		https://raw.githubusercontent.com/common-workflow-language/cwl-v1.2/refs/heads/main/json-schema/cwl.yaml
/properties/poseidon/openScience/workflow/_oneOf/2/_oneOf/2/steps/_oneOf/0/out/_oneOf/1/id		https://raw.githubusercontent.com/common-workflow-language/cwl-v1.2/refs/heads/main/json-schema/cwl.yaml
/properties/poseidon/openScience/workflow/_oneOf/2/_oneOf/2/steps/_oneOf/0/scatter		https://raw.githubusercontent.com/common-workflow-language/cwl-v1.2/refs/heads/main/json-schema/cwl.yaml
/properties/poseidon/openScience/workflow/_oneOf/2/_oneOf/2/steps/_oneOf/0/scatterMethod		https://raw.githubusercontent.com/common-workflow-language/cwl-v1.2/refs/heads/main/json-schema/cwl.yaml
/properties/poseidon/openScience/workflow/_oneOf/2/_oneOf/2/steps/_oneOf/1/id		https://raw.githubusercontent.com/common-workflow-language/cwl-v1.2/refs/heads/main/json-schema/cwl.yaml
/properties/poseidon/openScience/workflow/_oneOf/2/_oneOf/2/inputs		https://raw.githubusercontent.com/common-workflow-language/cwl-v1.2/refs/heads/main/json-schema/cwl.yaml
/properties/poseidon/openScience/workflow/_oneOf/2/_oneOf/2/outputs		https://raw.githubusercontent.com/common-workflow-language/cwl-v1.2/refs/heads/main/json-schema/cwl.yaml
/properties/poseidon/openScience/workflow/_oneOf/2/_oneOf/2/requirements		https://raw.githubusercontent.com/common-workflow-language/cwl-v1.2/refs/heads/main/json-schema/cwl.yaml
/properties/poseidon/openScience/workflow/_oneOf/2/_oneOf/2/hints		https://raw.githubusercontent.com/common-workflow-language/cwl-v1.2/refs/heads/main/json-schema/cwl.yaml
/properties/poseidon/openScience/experiments	http://www.w3.org/ns/prov#wasGeneratedBy	/github/workspace/build/annotated/hosted/seadots/poseidon-model/schema.yaml
/properties/poseidon/openScience/experiments/_oneOf/1/_anyOf/0/_anyOf/0/_anyOf/1/type		https://geojson.org/schema/Feature.json
/properties/poseidon/openScience/experiments/_oneOf/1/_anyOf/0/_anyOf/0/_anyOf/1/id		https://geojson.org/schema/Feature.json
/properties/poseidon/openScience/experiments/_oneOf/1/_anyOf/0/_anyOf/0/_anyOf/1/properties		https://geojson.org/schema/Feature.json
/properties/poseidon/openScience/experiments/_oneOf/1/_anyOf/0/_anyOf/0/_anyOf/1/geometry		https://geojson.org/schema/Feature.json
/properties/poseidon/openScience/experiments/_oneOf/1/_anyOf/0/_anyOf/0/_anyOf/1/geometry/_oneOf/1/type		https://geojson.org/schema/Feature.json
/properties/poseidon/openScience/experiments/_oneOf/1/_anyOf/0/_anyOf/0/_anyOf/1/geometry/_oneOf/1/coordinates		https://geojson.org/schema/Feature.json
/properties/poseidon/openScience/experiments/_oneOf/1/_anyOf/0/_anyOf/0/_anyOf/1/geometry/_oneOf/1/bbox		https://geojson.org/schema/Feature.json
/properties/poseidon/openScience/experiments/_oneOf/1/_anyOf/0/_anyOf/0/_anyOf/1/geometry/_oneOf/2/type		https://geojson.org/schema/Feature.json
/properties/poseidon/openScience/experiments/_oneOf/1/_anyOf/0/_anyOf/0/_anyOf/1/geometry/_oneOf/2/coordinates		https://geojson.org/schema/Feature.json
/properties/poseidon/openScience/experiments/_oneOf/1/_anyOf/0/_anyOf/0/_anyOf/1/geometry/_oneOf/2/bbox		https://geojson.org/schema/Feature.json
/properties/poseidon/openScience/experiments/_oneOf/1/_anyOf/0/_anyOf/0/_anyOf/1/geometry/_oneOf/3/type		https://geojson.org/schema/Feature.json
/properties/poseidon/openScience/experiments/_oneOf/1/_anyOf/0/_anyOf/0/_anyOf/1/geometry/_oneOf/3/coordinates		https://geojson.org/schema/Feature.json
/properties/poseidon/openScience/experiments/_oneOf/1/_anyOf/0/_anyOf/0/_anyOf/1/geometry/_oneOf/3/bbox		https://geojson.org/schema/Feature.json
/properties/poseidon/openScience/experiments/_oneOf/1/_anyOf/0/_anyOf/0/_anyOf/1/geometry/_oneOf/4/type		https://geojson.org/schema/Feature.json
/properties/poseidon/openScience/experiments/_oneOf/1/_anyOf/0/_anyOf/0/_anyOf/1/geometry/_oneOf/4/coordinates		https://geojson.org/schema/Feature.json
/properties/poseidon/openScience/experiments/_oneOf/1/_anyOf/0/_anyOf/0/_anyOf/1/geometry/_oneOf/4/bbox		https://geojson.org/schema/Feature.json
/properties/poseidon/openScience/experiments/_oneOf/1/_anyOf/0/_anyOf/0/_anyOf/1/geometry/_oneOf/5/type		https://geojson.org/schema/Feature.json
/properties/poseidon/openScience/experiments/_oneOf/1/_anyOf/0/_anyOf/0/_anyOf/1/geometry/_oneOf/5/coordinates		https://geojson.org/schema/Feature.json
/properties/poseidon/openScience/experiments/_oneOf/1/_anyOf/0/_anyOf/0/_anyOf/1/geometry/_oneOf/5/bbox		https://geojson.org/schema/Feature.json
/properties/poseidon/openScience/experiments/_oneOf/1/_anyOf/0/_anyOf/0/_anyOf/1/geometry/_oneOf/6/type		https://geojson.org/schema/Feature.json
/properties/poseidon/openScience/experiments/_oneOf/1/_anyOf/0/_anyOf/0/_anyOf/1/geometry/_oneOf/6/coordinates		https://geojson.org/schema/Feature.json
/properties/poseidon/openScience/experiments/_oneOf/1/_anyOf/0/_anyOf/0/_anyOf/1/geometry/_oneOf/6/bbox		https://geojson.org/schema/Feature.json
/properties/poseidon/openScience/experiments/_oneOf/1/_anyOf/0/_anyOf/0/_anyOf/1/geometry/_oneOf/7/type		https://geojson.org/schema/Feature.json
/properties/poseidon/openScience/experiments/_oneOf/1/_anyOf/0/_anyOf/0/_anyOf/1/geometry/_oneOf/7/geometries		https://geojson.org/schema/Feature.json
/properties/poseidon/openScience/experiments/_oneOf/1/_anyOf/0/_anyOf/0/_anyOf/1/geometry/_oneOf/7/geometries/_oneOf/0/type		https://geojson.org/schema/Feature.json
/properties/poseidon/openScience/experiments/_oneOf/1/_anyOf/0/_anyOf/0/_anyOf/1/geometry/_oneOf/7/geometries/_oneOf/0/coordinates		https://geojson.org/schema/Feature.json
/properties/poseidon/openScience/experiments/_oneOf/1/_anyOf/0/_anyOf/0/_anyOf/1/geometry/_oneOf/7/geometries/_oneOf/0/bbox		https://geojson.org/schema/Feature.json
/properties/poseidon/openScience/experiments/_oneOf/1/_anyOf/0/_anyOf/0/_anyOf/1/geometry/_oneOf/7/geometries/_oneOf/1/type		https://geojson.org/schema/Feature.json
/properties/poseidon/openScience/experiments/_oneOf/1/_anyOf/0/_anyOf/0/_anyOf/1/geometry/_oneOf/7/geometries/_oneOf/1/coordinates		https://geojson.org/schema/Feature.json
/properties/poseidon/openScience/experiments/_oneOf/1/_anyOf/0/_anyOf/0/_anyOf/1/geometry/_oneOf/7/geometries/_oneOf/1/bbox		https://geojson.org/schema/Feature.json
/properties/poseidon/openScience/experiments/_oneOf/1/_anyOf/0/_anyOf/0/_anyOf/1/geometry/_oneOf/7/geometries/_oneOf/2/type		https://geojson.org/schema/Feature.json
/properties/poseidon/openScience/experiments/_oneOf/1/_anyOf/0/_anyOf/0/_anyOf/1/geometry/_oneOf/7/geometries/_oneOf/2/coordinates		https://geojson.org/schema/Feature.json
/properties/poseidon/openScience/experiments/_oneOf/1/_anyOf/0/_anyOf/0/_anyOf/1/geometry/_oneOf/7/geometries/_oneOf/2/bbox		https://geojson.org/schema/Feature.json
/properties/poseidon/openScience/experiments/_oneOf/1/_anyOf/0/_anyOf/0/_anyOf/1/geometry/_oneOf/7/geometries/_oneOf/3/type		https://geojson.org/schema/Feature.json
/properties/poseidon/openScience/experiments/_oneOf/1/_anyOf/0/_anyOf/0/_anyOf/1/geometry/_oneOf/7/geometries/_oneOf/3/coordinates		https://geojson.org/schema/Feature.json
/properties/poseidon/openScience/experiments/_oneOf/1/_anyOf/0/_anyOf/0/_anyOf/1/geometry/_oneOf/7/geometries/_oneOf/3/bbox		https://geojson.org/schema/Feature.json
/properties/poseidon/openScience/experiments/_oneOf/1/_anyOf/0/_anyOf/0/_anyOf/1/geometry/_oneOf/7/geometries/_oneOf/4/type		https://geojson.org/schema/Feature.json
/properties/poseidon/openScience/experiments/_oneOf/1/_anyOf/0/_anyOf/0/_anyOf/1/geometry/_oneOf/7/geometries/_oneOf/4/coordinates		https://geojson.org/schema/Feature.json
/properties/poseidon/openScience/experiments/_oneOf/1/_anyOf/0/_anyOf/0/_anyOf/1/geometry/_oneOf/7/geometries/_oneOf/4/bbox		https://geojson.org/schema/Feature.json
/properties/poseidon/openScience/experiments/_oneOf/1/_anyOf/0/_anyOf/0/_anyOf/1/geometry/_oneOf/7/geometries/_oneOf/5/type		https://geojson.org/schema/Feature.json
/properties/poseidon/openScience/experiments/_oneOf/1/_anyOf/0/_anyOf/0/_anyOf/1/geometry/_oneOf/7/geometries/_oneOf/5/coordinates		https://geojson.org/schema/Feature.json
/properties/poseidon/openScience/experiments/_oneOf/1/_anyOf/0/_anyOf/0/_anyOf/1/geometry/_oneOf/7/geometries/_oneOf/5/bbox		https://geojson.org/schema/Feature.json
/properties/poseidon/openScience/experiments/_oneOf/1/_anyOf/0/_anyOf/0/_anyOf/1/geometry/_oneOf/7/bbox		https://geojson.org/schema/Feature.json
/properties/poseidon/openScience/experiments/_oneOf/1/_anyOf/0/_anyOf/0/_anyOf/1/bbox		https://geojson.org/schema/Feature.json
/properties/poseidon/openScience/experiments/_oneOf/1/_anyOf/0/_anyOf/0/_anyOf/1/_oneOf/0/geometry		https://schemas.stacspec.org/v1.0.0/item-spec/json-schema/item.json
/properties/poseidon/openScience/experiments/_oneOf/1/_anyOf/0/_anyOf/0/_anyOf/1/_oneOf/0/bbox		https://schemas.stacspec.org/v1.0.0/item-spec/json-schema/item.json
/properties/poseidon/openScience/experiments/_oneOf/1/_anyOf/0/_anyOf/0/_anyOf/1/_oneOf/1/geometry		https://schemas.stacspec.org/v1.0.0/item-spec/json-schema/item.json
/properties/poseidon/openScience/experiments/_oneOf/1/_anyOf/0/_anyOf/0/_anyOf/1/_oneOf/1/bbox		https://schemas.stacspec.org/v1.0.0/item-spec/json-schema/item.json
/properties/poseidon/openScience/experiments/_oneOf/1/_anyOf/0/_anyOf/0/_anyOf/1/_then/collection		https://schemas.stacspec.org/v1.0.0/item-spec/json-schema/item.json
/properties/poseidon/openScience/experiments/_oneOf/1/_anyOf/0/_anyOf/0/_anyOf/1/_else/collection		https://schemas.stacspec.org/v1.0.0/item-spec/json-schema/item.json
/properties/poseidon/openScience/experiments/_oneOf/1/_anyOf/0/_anyOf/0/_anyOf/1/stac_version		https://schemas.stacspec.org/v1.0.0/item-spec/json-schema/item.json
/properties/poseidon/openScience/experiments/_oneOf/1/_anyOf/0/_anyOf/0/_anyOf/1/stac_extensions		https://schemas.stacspec.org/v1.0.0/item-spec/json-schema/item.json
/properties/poseidon/openScience/experiments/_oneOf/1/_anyOf/0/_anyOf/0/_anyOf/1/links		https://schemas.stacspec.org/v1.0.0/item-spec/json-schema/item.json
/properties/poseidon/openScience/experiments/_oneOf/1/_anyOf/0/_anyOf/0/_anyOf/1/links/href		https://schemas.stacspec.org/v1.0.0/item-spec/json-schema/item.json
/properties/poseidon/openScience/experiments/_oneOf/1/_anyOf/0/_anyOf/0/_anyOf/1/links/rel		https://schemas.stacspec.org/v1.0.0/item-spec/json-schema/item.json
/properties/poseidon/openScience/experiments/_oneOf/1/_anyOf/0/_anyOf/0/_anyOf/1/links/type		https://schemas.stacspec.org/v1.0.0/item-spec/json-schema/item.json
/properties/poseidon/openScience/experiments/_oneOf/1/_anyOf/0/_anyOf/0/_anyOf/1/links/title		https://schemas.stacspec.org/v1.0.0/item-spec/json-schema/item.json
/properties/poseidon/openScience/experiments/_oneOf/1/_anyOf/0/_anyOf/0/_anyOf/1/assets		https://schemas.stacspec.org/v1.0.0/item-spec/json-schema/item.json
/properties/poseidon/openScience/experiments/_oneOf/1/_anyOf/0/_anyOf/0/_anyOf/1/assets/href		https://schemas.stacspec.org/v1.0.0/item-spec/json-schema/item.json
/properties/poseidon/openScience/experiments/_oneOf/1/_anyOf/0/_anyOf/0/_anyOf/1/assets/title		https://schemas.stacspec.org/v1.0.0/item-spec/json-schema/item.json
/properties/poseidon/openScience/experiments/_oneOf/1/_anyOf/0/_anyOf/0/_anyOf/1/assets/description		https://schemas.stacspec.org/v1.0.0/item-spec/json-schema/item.json
/properties/poseidon/openScience/experiments/_oneOf/1/_anyOf/0/_anyOf/0/_anyOf/1/assets/type		https://schemas.stacspec.org/v1.0.0/item-spec/json-schema/item.json
/properties/poseidon/openScience/experiments/_oneOf/1/_anyOf/0/_anyOf/0/_anyOf/1/assets/roles		https://schemas.stacspec.org/v1.0.0/item-spec/json-schema/item.json
/properties/poseidon/openScience/experiments/_oneOf/1/_anyOf/0/_anyOf/0/_anyOf/1/assets/datetime		https://schemas.stacspec.org/v1.0.0/item-spec/json-schema/datetime.json
/properties/poseidon/openScience/experiments/_oneOf/1/_anyOf/0/_anyOf/0/_anyOf/1/assets/start_datetime		https://schemas.stacspec.org/v1.0.0/item-spec/json-schema/datetime.json
/properties/poseidon/openScience/experiments/_oneOf/1/_anyOf/0/_anyOf/0/_anyOf/1/assets/end_datetime		https://schemas.stacspec.org/v1.0.0/item-spec/json-schema/datetime.json
/properties/poseidon/openScience/experiments/_oneOf/1/_anyOf/0/_anyOf/0/_anyOf/1/assets/created		https://schemas.stacspec.org/v1.0.0/item-spec/json-schema/datetime.json
/properties/poseidon/openScience/experiments/_oneOf/1/_anyOf/0/_anyOf/0/_anyOf/1/assets/updated		https://schemas.stacspec.org/v1.0.0/item-spec/json-schema/datetime.json
/properties/poseidon/openScience/experiments/_oneOf/1/_anyOf/0/_anyOf/0/_anyOf/1/assets/platform		https://schemas.stacspec.org/v1.0.0/item-spec/json-schema/instrument.json
/properties/poseidon/openScience/experiments/_oneOf/1/_anyOf/0/_anyOf/0/_anyOf/1/assets/instruments		https://schemas.stacspec.org/v1.0.0/item-spec/json-schema/instrument.json
/properties/poseidon/openScience/experiments/_oneOf/1/_anyOf/0/_anyOf/0/_anyOf/1/assets/constellation		https://schemas.stacspec.org/v1.0.0/item-spec/json-schema/instrument.json
/properties/poseidon/openScience/experiments/_oneOf/1/_anyOf/0/_anyOf/0/_anyOf/1/assets/mission		https://schemas.stacspec.org/v1.0.0/item-spec/json-schema/instrument.json
/properties/poseidon/openScience/experiments/_oneOf/1/_anyOf/0/_anyOf/0/_anyOf/1/assets/gsd		https://schemas.stacspec.org/v1.0.0/item-spec/json-schema/instrument.json
/properties/poseidon/openScience/experiments/_oneOf/1/_anyOf/0/_anyOf/0/_anyOf/1/assets/license		https://schemas.stacspec.org/v1.0.0/item-spec/json-schema/licensing.json
/properties/poseidon/openScience/experiments/_oneOf/1/_anyOf/0/_anyOf/0/_anyOf/1/assets/providers		https://schemas.stacspec.org/v1.0.0/item-spec/json-schema/provider.json
/properties/poseidon/openScience/experiments/_oneOf/1/_anyOf/0/_anyOf/0/_anyOf/1/assets/providers/name		https://schemas.stacspec.org/v1.0.0/item-spec/json-schema/provider.json
/properties/poseidon/openScience/experiments/_oneOf/1/_anyOf/0/_anyOf/0/_anyOf/1/assets/providers/description		https://schemas.stacspec.org/v1.0.0/item-spec/json-schema/provider.json
/properties/poseidon/openScience/experiments/_oneOf/1/_anyOf/0/_anyOf/0/_anyOf/1/assets/providers/roles		https://schemas.stacspec.org/v1.0.0/item-spec/json-schema/provider.json
/properties/poseidon/openScience/experiments/_oneOf/1/_anyOf/0/_anyOf/0/_anyOf/1/assets/providers/url		https://schemas.stacspec.org/v1.0.0/item-spec/json-schema/provider.json
/properties/poseidon/openScience/experiments/_oneOf/1/_anyOf/0/_anyOf/0/_anyOf/1/properties/_anyOf/0/datetime		https://schemas.stacspec.org/v1.0.0/item-spec/json-schema/item.json
/properties/poseidon/openScience/experiments/_oneOf/1/_anyOf/0/_anyOf/1/_anyOf/1/stac_version		https://schemas.stacspec.org/v1.0.0/collection-spec/json-schema/collection.json
/properties/poseidon/openScience/experiments/_oneOf/1/_anyOf/0/_anyOf/1/_anyOf/1/stac_extensions		https://schemas.stacspec.org/v1.0.0/collection-spec/json-schema/collection.json
/properties/poseidon/openScience/experiments/_oneOf/1/_anyOf/0/_anyOf/1/_anyOf/1/type		https://schemas.stacspec.org/v1.0.0/collection-spec/json-schema/collection.json
/properties/poseidon/openScience/experiments/_oneOf/1/_anyOf/0/_anyOf/1/_anyOf/1/id		https://schemas.stacspec.org/v1.0.0/collection-spec/json-schema/collection.json
/properties/poseidon/openScience/experiments/_oneOf/1/_anyOf/0/_anyOf/1/_anyOf/1/title		https://schemas.stacspec.org/v1.0.0/collection-spec/json-schema/collection.json
/properties/poseidon/openScience/experiments/_oneOf/1/_anyOf/0/_anyOf/1/_anyOf/1/description		https://schemas.stacspec.org/v1.0.0/collection-spec/json-schema/collection.json
/properties/poseidon/openScience/experiments/_oneOf/1/_anyOf/0/_anyOf/1/_anyOf/1/keywords		https://schemas.stacspec.org/v1.0.0/collection-spec/json-schema/collection.json
/properties/poseidon/openScience/experiments/_oneOf/1/_anyOf/0/_anyOf/1/_anyOf/1/license		https://schemas.stacspec.org/v1.0.0/collection-spec/json-schema/collection.json
/properties/poseidon/openScience/experiments/_oneOf/1/_anyOf/0/_anyOf/1/_anyOf/1/providers		https://schemas.stacspec.org/v1.0.0/collection-spec/json-schema/collection.json
/properties/poseidon/openScience/experiments/_oneOf/1/_anyOf/0/_anyOf/1/_anyOf/1/providers/name		https://schemas.stacspec.org/v1.0.0/collection-spec/json-schema/collection.json
/properties/poseidon/openScience/experiments/_oneOf/1/_anyOf/0/_anyOf/1/_anyOf/1/providers/description		https://schemas.stacspec.org/v1.0.0/collection-spec/json-schema/collection.json
/properties/poseidon/openScience/experiments/_oneOf/1/_anyOf/0/_anyOf/1/_anyOf/1/providers/roles		https://schemas.stacspec.org/v1.0.0/collection-spec/json-schema/collection.json
/properties/poseidon/openScience/experiments/_oneOf/1/_anyOf/0/_anyOf/1/_anyOf/1/providers/url		https://schemas.stacspec.org/v1.0.0/collection-spec/json-schema/collection.json
/properties/poseidon/openScience/experiments/_oneOf/1/_anyOf/0/_anyOf/1/_anyOf/1/extent		https://schemas.stacspec.org/v1.0.0/collection-spec/json-schema/collection.json
/properties/poseidon/openScience/experiments/_oneOf/1/_anyOf/0/_anyOf/1/_anyOf/1/extent/spatial		https://schemas.stacspec.org/v1.0.0/collection-spec/json-schema/collection.json
/properties/poseidon/openScience/experiments/_oneOf/1/_anyOf/0/_anyOf/1/_anyOf/1/extent/spatial/bbox		https://schemas.stacspec.org/v1.0.0/collection-spec/json-schema/collection.json
/properties/poseidon/openScience/experiments/_oneOf/1/_anyOf/0/_anyOf/1/_anyOf/1/extent/temporal		https://schemas.stacspec.org/v1.0.0/collection-spec/json-schema/collection.json
/properties/poseidon/openScience/experiments/_oneOf/1/_anyOf/0/_anyOf/1/_anyOf/1/extent/temporal/interval		https://schemas.stacspec.org/v1.0.0/collection-spec/json-schema/collection.json
/properties/poseidon/openScience/experiments/_oneOf/1/_anyOf/0/_anyOf/1/_anyOf/1/assets		https://schemas.stacspec.org/v1.0.0/collection-spec/json-schema/collection.json
/properties/poseidon/openScience/experiments/_oneOf/1/_anyOf/0/_anyOf/1/_anyOf/1/links		https://schemas.stacspec.org/v1.0.0/collection-spec/json-schema/collection.json
/properties/poseidon/openScience/experiments/_oneOf/1/_anyOf/0/_anyOf/1/_anyOf/1/links/href		https://schemas.stacspec.org/v1.0.0/collection-spec/json-schema/collection.json
/properties/poseidon/openScience/experiments/_oneOf/1/_anyOf/0/_anyOf/1/_anyOf/1/links/rel		https://schemas.stacspec.org/v1.0.0/collection-spec/json-schema/collection.json
/properties/poseidon/openScience/experiments/_oneOf/1/_anyOf/0/_anyOf/1/_anyOf/1/links/type		https://schemas.stacspec.org/v1.0.0/collection-spec/json-schema/collection.json
/properties/poseidon/openScience/experiments/_oneOf/1/_anyOf/0/_anyOf/1/_anyOf/1/links/title		https://schemas.stacspec.org/v1.0.0/collection-spec/json-schema/collection.json
/properties/poseidon/openScience/experiments/_oneOf/1/_anyOf/0/_anyOf/1/_anyOf/1/summaries		https://schemas.stacspec.org/v1.0.0/collection-spec/json-schema/collection.json
/properties/poseidon/openScience/experiments/_oneOf/1/_anyOf/0/_anyOf/1/_anyOf/1/summaries/_anyOf/1/minimum		https://schemas.stacspec.org/v1.0.0/collection-spec/json-schema/collection.json
/properties/poseidon/openScience/experiments/_oneOf/1/_anyOf/0/_anyOf/1/_anyOf/1/summaries/_anyOf/1/maximum		https://schemas.stacspec.org/v1.0.0/collection-spec/json-schema/collection.json
/properties/poseidon/openScience/experiments/_oneOf/1/_anyOf/0/_oneOf/0/type		https://stac-extensions.github.io/themes/v1.0.0/schema.json
/properties/poseidon/openScience/experiments/_oneOf/1/_anyOf/0/_oneOf/0/properties		https://stac-extensions.github.io/themes/v1.0.0/schema.json
/properties/poseidon/openScience/experiments/_oneOf/1/_anyOf/0/_oneOf/0/properties/themes		https://stac-extensions.github.io/themes/v1.0.0/schema.json
/properties/poseidon/openScience/experiments/_oneOf/1/_anyOf/0/_oneOf/0/properties/themes/concepts		https://stac-extensions.github.io/themes/v1.0.0/schema.json
/properties/poseidon/openScience/experiments/_oneOf/1/_anyOf/0/_oneOf/0/properties/themes/concepts/id		https://stac-extensions.github.io/themes/v1.0.0/schema.json
/properties/poseidon/openScience/experiments/_oneOf/1/_anyOf/0/_oneOf/0/properties/themes/concepts/title		https://stac-extensions.github.io/themes/v1.0.0/schema.json
/properties/poseidon/openScience/experiments/_oneOf/1/_anyOf/0/_oneOf/0/properties/themes/concepts/description		https://stac-extensions.github.io/themes/v1.0.0/schema.json
/properties/poseidon/openScience/experiments/_oneOf/1/_anyOf/0/_oneOf/0/properties/themes/concepts/url		https://stac-extensions.github.io/themes/v1.0.0/schema.json
/properties/poseidon/openScience/experiments/_oneOf/1/_anyOf/0/_oneOf/0/properties/themes/scheme		https://stac-extensions.github.io/themes/v1.0.0/schema.json
/properties/poseidon/openScience/experiments/_oneOf/1/_anyOf/0/_oneOf/1/type		https://stac-extensions.github.io/themes/v1.0.0/schema.json
/properties/poseidon/openScience/experiments/_oneOf/1/_anyOf/0/_oneOf/2/_anyOf/1/summaries		https://stac-extensions.github.io/themes/v1.0.0/schema.json
/properties/poseidon/openScience/experiments/_oneOf/1/_anyOf/0/_oneOf/2/type		https://stac-extensions.github.io/themes/v1.0.0/schema.json
/properties/poseidon/openScience/experiments/_oneOf/1/_anyOf/0/stac_extensions		https://stac-extensions.github.io/themes/v1.0.0/schema.json
/properties/poseidon/openScience/experiments/_oneOf/1/_anyOf/0/themes	https://w3id.org/ogc/stac/themes/schemes	https://ogcincubator.github.io/bblocks-stac/build/annotated/contrib/stac/extensions/themes/schema.yaml
/properties/poseidon/openScience/experiments/_oneOf/1/_anyOf/0/_oneOf/0/properties/_oneOf/0/osc:type		https://stac-extensions.github.io/osc/v1.0.0/schema.json
/properties/poseidon/openScience/experiments/_oneOf/1/_anyOf/0/_oneOf/0/properties/_oneOf/0/osc:status		https://stac-extensions.github.io/osc/v1.0.0/schema.json
/properties/poseidon/openScience/experiments/_oneOf/1/_anyOf/0/_oneOf/0/properties/_oneOf/0/osc:project		https://stac-extensions.github.io/osc/v1.0.0/schema.json
/properties/poseidon/openScience/experiments/_oneOf/1/_anyOf/0/_oneOf/0/properties/_oneOf/0/osc:region		https://stac-extensions.github.io/osc/v1.0.0/schema.json
/properties/poseidon/openScience/experiments/_oneOf/1/_anyOf/0/_oneOf/0/properties/_oneOf/0/osc:variables		https://stac-extensions.github.io/osc/v1.0.0/schema.json
/properties/poseidon/openScience/experiments/_oneOf/1/_anyOf/0/_oneOf/0/properties/_oneOf/0/osc:missions		https://stac-extensions.github.io/osc/v1.0.0/schema.json
/properties/poseidon/openScience/experiments/_oneOf/1/_anyOf/0/_oneOf/0/properties/_oneOf/0/osc:experiment		https://stac-extensions.github.io/osc/v1.0.0/schema.json
/properties/poseidon/openScience/experiments/_oneOf/1/_anyOf/0/_oneOf/0/properties/_oneOf/1/osc:type		https://stac-extensions.github.io/osc/v1.0.0/schema.json
/properties/poseidon/openScience/experiments/_oneOf/1/_anyOf/0/_oneOf/0/properties/_oneOf/1/osc:status		https://stac-extensions.github.io/osc/v1.0.0/schema.json
/properties/poseidon/openScience/experiments/_oneOf/1/_anyOf/0/_oneOf/0/properties/_oneOf/1/osc:workflows		https://stac-extensions.github.io/osc/v1.0.0/schema.json
/properties/poseidon/openScience/experiments/_oneOf/1/properties		https://ogcincubator.github.io/bblocks-openscience/build/annotated/osc/geodcat-stac-earthcode/experiments/schema.yaml
/properties/poseidon/openScience/experiments/_oneOf/1/properties/id	@id	https://ogcincubator.github.io/bblocks-wf4ever/build/annotated/bbr/wf4ever/wfprov/ProcessRun/schema.yaml
/properties/poseidon/openScience/experiments/_oneOf/1/properties/type	@type	https://ogcincubator.github.io/bblocks-wf4ever/build/annotated/bbr/wf4ever/wfprov/ProcessRun/schema.yaml
/properties/poseidon/openScience/experiments/_oneOf/1/properties/describedByProcess	http://purl.org/wf4ever/wfprov#describedByProcess	https://ogcincubator.github.io/bblocks-wf4ever/build/annotated/bbr/wf4ever/wfprov/ProcessRun/schema.yaml
/properties/poseidon/openScience/experiments/_oneOf/1/properties/usedInput	http://purl.org/wf4ever/wfprov#usedInput	https://ogcincubator.github.io/bblocks-wf4ever/build/annotated/bbr/wf4ever/wfprov/ProcessRun/schema.yaml
/properties/poseidon/openScience/experiments/_oneOf/1/properties/usedInput/id		https://ogcincubator.github.io/bblocks-wf4ever/build/annotated/bbr/wf4ever/wfprov/ProcessRun/schema.yaml
/properties/poseidon/openScience/experiments/_oneOf/1/properties/startedAtTime	http://www.w3.org/ns/prov#startedAtTime	https://ogcincubator.github.io/bblocks-wf4ever/build/annotated/bbr/wf4ever/wfprov/ProcessRun/schema.yaml
/properties/poseidon/openScience/experiments/_oneOf/1/properties/endedAtTime	http://www.w3.org/ns/prov#endedAtTime	https://ogcincubator.github.io/bblocks-wf4ever/build/annotated/bbr/wf4ever/wfprov/ProcessRun/schema.yaml
/properties/poseidon/openScience/experiments/_oneOf/1/properties/wasPartOfWorkflowRun	http://purl.org/wf4ever/wfprov#wasPartOfWorkflowRun	https://ogcincubator.github.io/bblocks-wf4ever/build/annotated/bbr/wf4ever/wfprov/ProcessRun/schema.yaml
/properties/poseidon/openScience/experiments/_oneOf/1/properties/wasEnactedBy	http://www.w3.org/ns/prov#wasAssociatedWith	https://ogcincubator.github.io/bblocks-wf4ever/build/annotated/bbr/wf4ever/wfprov/WorkflowRun/schema.yaml
/properties/poseidon/openScience/experiments/_oneOf/1/properties/describedByWorkflow	http://purl.org/wf4ever/wfprov#describedByWorkflow	https://ogcincubator.github.io/bblocks-wf4ever/build/annotated/bbr/wf4ever/wfprov/WorkflowRun/schema.yaml
/properties/poseidon/openScience/experiments/_oneOf/1/properties/hadSubProcessRun	wfprov:wasPartOfWorkflowRun	https://ogcincubator.github.io/bblocks-wf4ever/build/annotated/bbr/wf4ever/wfprov/WorkflowRun/schema.yaml
/properties/poseidon/openScience/experiments/_oneOf/1/properties/hadSubProcessRun/id		https://ogcincubator.github.io/bblocks-wf4ever/build/annotated/bbr/wf4ever/wfprov/WorkflowRun/schema.yaml
/properties/poseidon/openScience/experiments/_oneOf/1/properties/osc:workflow		https://ogcincubator.github.io/bblocks-openscience/build/annotated/osc/geodcat-stac-earthcode/experiments/schema.yaml
/properties/poseidon/openScience/experiments/_oneOf/1/links		https://ogcincubator.github.io/bblocks-openscience/build/annotated/osc/geodcat-stac-earthcode/experiments/schema.yaml
/properties/poseidon/openScience/experiments/_oneOf/1/links/_oneOf/0/rel		https://ogcincubator.github.io/bblocks-openscience/build/annotated/osc/geodcat-stac-earthcode/experiments/schema.yaml
/properties/poseidon/openScience/experiments/_oneOf/1/links/_oneOf/1/rel		https://ogcincubator.github.io/bblocks-openscience/build/annotated/osc/geodcat-stac-earthcode/experiments/schema.yaml
/properties/poseidon/openScience/experiments/_oneOf/1/links/_oneOf/2/rel		https://ogcincubator.github.io/bblocks-openscience/build/annotated/osc/geodcat-stac-earthcode/experiments/schema.yaml
/properties/poseidon/openScience/products	http://www.w3.org/ns/prov#generated	/github/workspace/build/annotated/hosted/seadots/poseidon-model/schema.yaml
/properties/poseidon/openScience/products/_oneOf/1/_anyOf/0/_oneOf/0/cf:parameter		https://stac-extensions.github.io/cf/v0.2.0/schema.json
/properties/poseidon/openScience/products/_oneOf/1/_anyOf/0/_oneOf/0/cf:parameter/name		https://stac-extensions.github.io/cf/v0.2.0/schema.json
/properties/poseidon/openScience/products/_oneOf/1/_anyOf/0/_oneOf/0/cf:parameter/unit		https://stac-extensions.github.io/cf/v0.2.0/schema.json
/properties/poseidon/openScience/products/_oneOf/1/_anyOf/0/_oneOf/0/type		https://stac-extensions.github.io/cf/v0.2.0/schema.json
/properties/poseidon/openScience/products/_oneOf/1/_anyOf/0/_oneOf/0/item_assets		https://stac-extensions.github.io/cf/v0.2.0/schema.json
/properties/poseidon/openScience/products/_oneOf/1/_anyOf/0/_oneOf/0/summaries		https://stac-extensions.github.io/cf/v0.2.0/schema.json
/properties/poseidon/openScience/products/_oneOf/1/_anyOf/0/_oneOf/0/summaries/_oneOf/1/cf:parameter		https://stac-extensions.github.io/cf/v0.2.0/schema.json
/properties/poseidon/openScience/products/_oneOf/1/_anyOf/0/_oneOf/0/summaries/_oneOf/1/cf:parameter/type		https://stac-extensions.github.io/cf/v0.2.0/schema.json
/properties/poseidon/openScience/products/_oneOf/1/_anyOf/0/_oneOf/1/assets		https://stac-extensions.github.io/cf/v0.2.0/schema.json
/properties/poseidon/openScience/products/_oneOf/1/_anyOf/0/_oneOf/1/type		https://stac-extensions.github.io/cf/v0.2.0/schema.json
/properties/poseidon/openScience/products/_oneOf/1/_anyOf/0/_oneOf/1/properties		https://stac-extensions.github.io/cf/v0.2.0/schema.json
/properties/poseidon/openScience/products/_oneOf/1/_anyOf/0/stac_extensions		https://stac-extensions.github.io/cf/v0.2.0/schema.json
/properties/poseidon/openScience/products/_oneOf/1/_anyOf/0/assets		https://stac-extensions.github.io/cf/v0.2.0/schema.json
/properties/poseidon/openScience/products/_oneOf/1/osc:type		https://ogcincubator.github.io/bblocks-openscience/build/annotated/osc/geodcat-stac-earthcode/products/schema.yaml
/properties/poseidon/openScience/products/_oneOf/1/type		https://ogcincubator.github.io/bblocks-openscience/build/annotated/osc/geodcat-stac-earthcode/products/schema.yaml
/properties/poseidon/reproducibility	https://github.com/ILIAD-ocean-twin/OIM/blob/main/openscience#reproducibility	/github/workspace/build/annotated/hosted/seadots/poseidon-model/schema.yaml
/properties/poseidon/reproducibility/implementationStatus	https://w3id.org/iliad/seadots/poseidon#implementationStatus	/github/workspace/build/annotated/hosted/seadots/poseidon-model/schema.yaml
/properties/poseidon/reproducibility/randomSeedPolicy	https://w3id.org/iliad/seadots/poseidon#randomSeedPolicy	/github/workspace/build/annotated/hosted/seadots/poseidon-model/schema.yaml
/properties/poseidon/reproducibility/runProtocol	https://w3id.org/iliad/seadots/poseidon#runProtocol	/github/workspace/build/annotated/hosted/seadots/poseidon-model/schema.yaml
/properties/poseidon/reproducibility/calibration	https://w3id.org/iliad/seadots/poseidon#calibration	/github/workspace/build/annotated/hosted/seadots/poseidon-model/schema.yaml
/properties/poseidon/implementation		/github/workspace/build/annotated/hosted/seadots/poseidon-model/schema.yaml
/properties/poseidon/implementation/repository		/github/workspace/build/annotated/hosted/seadots/poseidon-model/schema.yaml
/properties/poseidon/implementation/language		/github/workspace/build/annotated/hosted/seadots/poseidon-model/schema.yaml
/properties/poseidon/implementation/license		/github/workspace/build/annotated/hosted/seadots/poseidon-model/schema.yaml
/properties/poseidon/implementation/inputBlocks		/github/workspace/build/annotated/hosted/seadots/poseidon-model/schema.yaml
/properties/poseidon/implementation/inputBlocks/runControl		/github/workspace/build/annotated/hosted/seadots/poseidon-model/schema.yaml
/properties/poseidon/implementation/inputBlocks/runControl/scenario	http://www.w3.org/ns/prov#used	https://ogcincubator.github.io/bblocks-seadots/build/annotated/hosted/seadots/poseidon-input-run-control/schema.yaml
/properties/poseidon/implementation/inputBlocks/runControl/scenario/_oneOf/1/scenarioType		https://ogcincubator.github.io/bblocks-seadots/build/annotated/hosted/seadots/poseidon-input-scenario/schema.yaml
/properties/poseidon/implementation/inputBlocks/runControl/scenario/_oneOf/1/map	http://www.w3.org/ns/prov#used	https://ogcincubator.github.io/bblocks-seadots/build/annotated/hosted/seadots/poseidon-input-scenario/schema.yaml
/properties/poseidon/implementation/inputBlocks/runControl/scenario/_oneOf/1/map/initializerType		https://ogcincubator.github.io/bblocks-seadots/build/annotated/hosted/seadots/poseidon-input-map/schema.yaml
/properties/poseidon/implementation/inputBlocks/runControl/scenario/_oneOf/1/map/mapFile	http://purl.org/dc/terms/source	https://ogcincubator.github.io/bblocks-seadots/build/annotated/hosted/seadots/poseidon-input-map/schema.yaml
/properties/poseidon/implementation/inputBlocks/runControl/scenario/_oneOf/1/map/stacItem	https://w3id.org/ogc/stac/Item	https://ogcincubator.github.io/bblocks-seadots/build/annotated/hosted/seadots/poseidon-input-map/schema.yaml
/properties/poseidon/implementation/inputBlocks/runControl/scenario/_oneOf/1/map/stacCollection	https://w3id.org/ogc/stac/Collection	https://ogcincubator.github.io/bblocks-seadots/build/annotated/hosted/seadots/poseidon-input-map/schema.yaml
/properties/poseidon/implementation/inputBlocks/runControl/scenario/_oneOf/1/map/cellSizeInKilometers		https://ogcincubator.github.io/bblocks-seadots/build/annotated/hosted/seadots/poseidon-input-map/schema.yaml
/properties/poseidon/implementation/inputBlocks/runControl/scenario/_oneOf/1/map/gridWidthInCell		https://ogcincubator.github.io/bblocks-seadots/build/annotated/hosted/seadots/poseidon-input-map/schema.yaml
/properties/poseidon/implementation/inputBlocks/runControl/scenario/_oneOf/1/map/width		https://ogcincubator.github.io/bblocks-seadots/build/annotated/hosted/seadots/poseidon-input-map/schema.yaml
/properties/poseidon/implementation/inputBlocks/runControl/scenario/_oneOf/1/map/height		https://ogcincubator.github.io/bblocks-seadots/build/annotated/hosted/seadots/poseidon-input-map/schema.yaml
/properties/poseidon/implementation/inputBlocks/runControl/scenario/_oneOf/1/map/header		https://ogcincubator.github.io/bblocks-seadots/build/annotated/hosted/seadots/poseidon-input-map/schema.yaml
/properties/poseidon/implementation/inputBlocks/runControl/scenario/_oneOf/1/map/latLong		https://ogcincubator.github.io/bblocks-seadots/build/annotated/hosted/seadots/poseidon-input-map/schema.yaml
/properties/poseidon/implementation/inputBlocks/runControl/scenario/_oneOf/1/map/mapPaddingInDegrees		https://ogcincubator.github.io/bblocks-seadots/build/annotated/hosted/seadots/poseidon-input-map/schema.yaml
/properties/poseidon/implementation/inputBlocks/runControl/scenario/_oneOf/1/map/minInitialDepth		https://ogcincubator.github.io/bblocks-seadots/build/annotated/hosted/seadots/poseidon-input-map/schema.yaml
/properties/poseidon/implementation/inputBlocks/runControl/scenario/_oneOf/1/map/maxInitialDepth		https://ogcincubator.github.io/bblocks-seadots/build/annotated/hosted/seadots/poseidon-input-map/schema.yaml
/properties/poseidon/implementation/inputBlocks/runControl/scenario/_oneOf/1/map/lowRightEasting		https://ogcincubator.github.io/bblocks-seadots/build/annotated/hosted/seadots/poseidon-input-map/schema.yaml
/properties/poseidon/implementation/inputBlocks/runControl/scenario/_oneOf/1/map/lowRightNorthing		https://ogcincubator.github.io/bblocks-seadots/build/annotated/hosted/seadots/poseidon-input-map/schema.yaml
/properties/poseidon/implementation/inputBlocks/runControl/scenario/_oneOf/1/map/upLeftEasting		https://ogcincubator.github.io/bblocks-seadots/build/annotated/hosted/seadots/poseidon-input-map/schema.yaml
/properties/poseidon/implementation/inputBlocks/runControl/scenario/_oneOf/1/map/upLeftNorthing		https://ogcincubator.github.io/bblocks-seadots/build/annotated/hosted/seadots/poseidon-input-map/schema.yaml
/properties/poseidon/implementation/inputBlocks/runControl/scenario/_oneOf/1/map/depthOverrides		https://ogcincubator.github.io/bblocks-seadots/build/annotated/hosted/seadots/poseidon-input-map/schema.yaml
/properties/poseidon/implementation/inputBlocks/runControl/scenario/_oneOf/1/map/farOffPorts		https://ogcincubator.github.io/bblocks-seadots/build/annotated/hosted/seadots/poseidon-input-map/schema.yaml
/properties/poseidon/implementation/inputBlocks/runControl/scenario/_oneOf/1/biology	http://www.w3.org/ns/prov#used	https://ogcincubator.github.io/bblocks-seadots/build/annotated/hosted/seadots/poseidon-input-scenario/schema.yaml
/properties/poseidon/implementation/inputBlocks/runControl/scenario/_oneOf/1/biology/initializerType		https://ogcincubator.github.io/bblocks-seadots/build/annotated/hosted/seadots/poseidon-input-biology/schema.yaml
/properties/poseidon/implementation/inputBlocks/runControl/scenario/_oneOf/1/biology/species	https://schema.org/about	https://ogcincubator.github.io/bblocks-seadots/build/annotated/hosted/seadots/poseidon-input-biology/schema.yaml
/properties/poseidon/implementation/inputBlocks/runControl/scenario/_oneOf/1/biology/species/name	https://schema.org/name	https://ogcincubator.github.io/bblocks-seadots/build/annotated/hosted/seadots/poseidon-input-biology/schema.yaml
/properties/poseidon/implementation/inputBlocks/runControl/scenario/_oneOf/1/biology/species/modelType		https://ogcincubator.github.io/bblocks-seadots/build/annotated/hosted/seadots/poseidon-input-biology/schema.yaml
/properties/poseidon/implementation/inputBlocks/runControl/scenario/_oneOf/1/biology/species/carryingCapacity		https://ogcincubator.github.io/bblocks-seadots/build/annotated/hosted/seadots/poseidon-input-biology/schema.yaml
/properties/poseidon/implementation/inputBlocks/runControl/scenario/_oneOf/1/biology/species/initialBiomass		https://ogcincubator.github.io/bblocks-seadots/build/annotated/hosted/seadots/poseidon-input-biology/schema.yaml
/properties/poseidon/implementation/inputBlocks/runControl/scenario/_oneOf/1/biology/species/virginBiomass		https://ogcincubator.github.io/bblocks-seadots/build/annotated/hosted/seadots/poseidon-input-biology/schema.yaml
/properties/poseidon/implementation/inputBlocks/runControl/scenario/_oneOf/1/biology/species/growth		https://ogcincubator.github.io/bblocks-seadots/build/annotated/hosted/seadots/poseidon-input-biology/schema.yaml
/properties/poseidon/implementation/inputBlocks/runControl/scenario/_oneOf/1/biology/species/recruitment		https://ogcincubator.github.io/bblocks-seadots/build/annotated/hosted/seadots/poseidon-input-biology/schema.yaml
/properties/poseidon/implementation/inputBlocks/runControl/scenario/_oneOf/1/biology/species/mortality		https://ogcincubator.github.io/bblocks-seadots/build/annotated/hosted/seadots/poseidon-input-biology/schema.yaml
/properties/poseidon/implementation/inputBlocks/runControl/scenario/_oneOf/1/biology/species/meristics		https://ogcincubator.github.io/bblocks-seadots/build/annotated/hosted/seadots/poseidon-input-biology/schema.yaml
/properties/poseidon/implementation/inputBlocks/runControl/scenario/_oneOf/1/biology/species/diffusion		https://ogcincubator.github.io/bblocks-seadots/build/annotated/hosted/seadots/poseidon-input-biology/schema.yaml
/properties/poseidon/implementation/inputBlocks/runControl/scenario/_oneOf/1/biology/species/dataFiles	https://schema.org/encoding	https://ogcincubator.github.io/bblocks-seadots/build/annotated/hosted/seadots/poseidon-input-biology/schema.yaml
/properties/poseidon/implementation/inputBlocks/runControl/scenario/_oneOf/1/biology/osmoseConfigurationFile		https://ogcincubator.github.io/bblocks-seadots/build/annotated/hosted/seadots/poseidon-input-biology/schema.yaml
/properties/poseidon/implementation/inputBlocks/runControl/scenario/_oneOf/1/biology/preInitializedConfigurationDirectory		https://ogcincubator.github.io/bblocks-seadots/build/annotated/hosted/seadots/poseidon-input-biology/schema.yaml
/properties/poseidon/implementation/inputBlocks/runControl/scenario/_oneOf/1/biology/schaeferParamsFile		https://ogcincubator.github.io/bblocks-seadots/build/annotated/hosted/seadots/poseidon-input-biology/schema.yaml
/properties/poseidon/implementation/inputBlocks/runControl/scenario/_oneOf/1/biology/binsFilePath		https://ogcincubator.github.io/bblocks-seadots/build/annotated/hosted/seadots/poseidon-input-biology/schema.yaml
/properties/poseidon/implementation/inputBlocks/runControl/scenario/_oneOf/1/biology/stacItems	https://w3id.org/ogc/stac/Item	https://ogcincubator.github.io/bblocks-seadots/build/annotated/hosted/seadots/poseidon-input-biology/schema.yaml
/properties/poseidon/implementation/inputBlocks/runControl/scenario/_oneOf/1/fleet	http://www.w3.org/ns/prov#used	https://ogcincubator.github.io/bblocks-seadots/build/annotated/hosted/seadots/poseidon-input-scenario/schema.yaml
/properties/poseidon/implementation/inputBlocks/runControl/scenario/_oneOf/1/fleet/fishers	https://schema.org/agent	https://ogcincubator.github.io/bblocks-seadots/build/annotated/hosted/seadots/poseidon-input-fleet/schema.yaml
/properties/poseidon/implementation/inputBlocks/runControl/scenario/_oneOf/1/fleet/fishers/name	https://schema.org/name	https://ogcincubator.github.io/bblocks-seadots/build/annotated/hosted/seadots/poseidon-input-fleet/schema.yaml
/properties/poseidon/implementation/inputBlocks/runControl/scenario/_oneOf/1/fleet/fishers/count		https://ogcincubator.github.io/bblocks-seadots/build/annotated/hosted/seadots/poseidon-input-fleet/schema.yaml
/properties/poseidon/implementation/inputBlocks/runControl/scenario/_oneOf/1/fleet/fishers/homePort	https://schema.org/homeLocation	https://ogcincubator.github.io/bblocks-seadots/build/annotated/hosted/seadots/poseidon-input-fleet/schema.yaml
/properties/poseidon/implementation/inputBlocks/runControl/scenario/_oneOf/1/fleet/fishers/vessel		https://ogcincubator.github.io/bblocks-seadots/build/annotated/hosted/seadots/poseidon-input-fleet/schema.yaml
/properties/poseidon/implementation/inputBlocks/runControl/scenario/_oneOf/1/fleet/fishers/gear		https://ogcincubator.github.io/bblocks-seadots/build/annotated/hosted/seadots/poseidon-input-fleet/schema.yaml
/properties/poseidon/implementation/inputBlocks/runControl/scenario/_oneOf/1/fleet/fishers/gear/type		https://ogcincubator.github.io/bblocks-seadots/build/annotated/hosted/seadots/poseidon-input-fleet/schema.yaml
/properties/poseidon/implementation/inputBlocks/runControl/scenario/_oneOf/1/fleet/fishers/departingStrategy		https://ogcincubator.github.io/bblocks-seadots/build/annotated/hosted/seadots/poseidon-input-fleet/schema.yaml
/properties/poseidon/implementation/inputBlocks/runControl/scenario/_oneOf/1/fleet/fishers/destinationStrategy		https://ogcincubator.github.io/bblocks-seadots/build/annotated/hosted/seadots/poseidon-input-fleet/schema.yaml
/properties/poseidon/implementation/inputBlocks/runControl/scenario/_oneOf/1/fleet/fishers/fishingStrategy		https://ogcincubator.github.io/bblocks-seadots/build/annotated/hosted/seadots/poseidon-input-fleet/schema.yaml
/properties/poseidon/implementation/inputBlocks/runControl/scenario/_oneOf/1/fleet/fishers/gearStrategy		https://ogcincubator.github.io/bblocks-seadots/build/annotated/hosted/seadots/poseidon-input-fleet/schema.yaml
/properties/poseidon/implementation/inputBlocks/runControl/scenario/_oneOf/1/fleet/fishers/discardingStrategy		https://ogcincubator.github.io/bblocks-seadots/build/annotated/hosted/seadots/poseidon-input-fleet/schema.yaml
/properties/poseidon/implementation/inputBlocks/runControl/scenario/_oneOf/1/fleet/fishers/adaptation		https://ogcincubator.github.io/bblocks-seadots/build/annotated/hosted/seadots/poseidon-input-fleet/schema.yaml
/properties/poseidon/implementation/inputBlocks/runControl/scenario/_oneOf/1/fleet/fishers/logbook		https://ogcincubator.github.io/bblocks-seadots/build/annotated/hosted/seadots/poseidon-input-fleet/schema.yaml
/properties/poseidon/implementation/inputBlocks/runControl/scenario/_oneOf/1/fleet/socialNetwork		https://ogcincubator.github.io/bblocks-seadots/build/annotated/hosted/seadots/poseidon-input-fleet/schema.yaml
/properties/poseidon/implementation/inputBlocks/runControl/scenario/_oneOf/1/portsAndMarkets	http://www.w3.org/ns/prov#used	https://ogcincubator.github.io/bblocks-seadots/build/annotated/hosted/seadots/poseidon-input-scenario/schema.yaml
/properties/poseidon/implementation/inputBlocks/runControl/scenario/_oneOf/1/portsAndMarkets/portInitializerType		https://ogcincubator.github.io/bblocks-seadots/build/annotated/hosted/seadots/poseidon-input-port-market/schema.yaml
/properties/poseidon/implementation/inputBlocks/runControl/scenario/_oneOf/1/portsAndMarkets/ports	https://schema.org/location	https://ogcincubator.github.io/bblocks-seadots/build/annotated/hosted/seadots/poseidon-input-port-market/schema.yaml
/properties/poseidon/implementation/inputBlocks/runControl/scenario/_oneOf/1/portsAndMarkets/ports/name	https://schema.org/name	https://ogcincubator.github.io/bblocks-seadots/build/annotated/hosted/seadots/poseidon-input-port-market/schema.yaml
/properties/poseidon/implementation/inputBlocks/runControl/scenario/_oneOf/1/portsAndMarkets/ports/x		https://ogcincubator.github.io/bblocks-seadots/build/annotated/hosted/seadots/poseidon-input-port-market/schema.yaml
/properties/poseidon/implementation/inputBlocks/runControl/scenario/_oneOf/1/portsAndMarkets/ports/y		https://ogcincubator.github.io/bblocks-seadots/build/annotated/hosted/seadots/poseidon-input-port-market/schema.yaml
/properties/poseidon/implementation/inputBlocks/runControl/scenario/_oneOf/1/portsAndMarkets/ports/longitude	https://schema.org/longitude	https://ogcincubator.github.io/bblocks-seadots/build/annotated/hosted/seadots/poseidon-input-port-market/schema.yaml
/properties/poseidon/implementation/inputBlocks/runControl/scenario/_oneOf/1/portsAndMarkets/ports/latitude	https://schema.org/latitude	https://ogcincubator.github.io/bblocks-seadots/build/annotated/hosted/seadots/poseidon-input-port-market/schema.yaml
/properties/poseidon/implementation/inputBlocks/runControl/scenario/_oneOf/1/portsAndMarkets/ports/usingGridCoordinates		https://ogcincubator.github.io/bblocks-seadots/build/annotated/hosted/seadots/poseidon-input-port-market/schema.yaml
/properties/poseidon/implementation/inputBlocks/runControl/scenario/_oneOf/1/portsAndMarkets/market	https://schema.org/offers	https://ogcincubator.github.io/bblocks-seadots/build/annotated/hosted/seadots/poseidon-input-port-market/schema.yaml
/properties/poseidon/implementation/inputBlocks/runControl/scenario/_oneOf/1/portsAndMarkets/market/type		https://ogcincubator.github.io/bblocks-seadots/build/annotated/hosted/seadots/poseidon-input-port-market/schema.yaml
/properties/poseidon/implementation/inputBlocks/runControl/scenario/_oneOf/1/portsAndMarkets/market/priceBySpecies		https://ogcincubator.github.io/bblocks-seadots/build/annotated/hosted/seadots/poseidon-input-port-market/schema.yaml
/properties/poseidon/implementation/inputBlocks/runControl/scenario/_oneOf/1/portsAndMarkets/market/priceFile		https://ogcincubator.github.io/bblocks-seadots/build/annotated/hosted/seadots/poseidon-input-port-market/schema.yaml
/properties/poseidon/implementation/inputBlocks/runControl/scenario/_oneOf/1/portsAndMarkets/fuel		https://ogcincubator.github.io/bblocks-seadots/build/annotated/hosted/seadots/poseidon-input-port-market/schema.yaml
/properties/poseidon/implementation/inputBlocks/runControl/scenario/_oneOf/1/portsAndMarkets/fuel/gasPriceMaker		https://ogcincubator.github.io/bblocks-seadots/build/annotated/hosted/seadots/poseidon-input-port-market/schema.yaml
/properties/poseidon/implementation/inputBlocks/runControl/scenario/_oneOf/1/portsAndMarkets/fuel/fuelPrice		https://ogcincubator.github.io/bblocks-seadots/build/annotated/hosted/seadots/poseidon-input-port-market/schema.yaml
/properties/poseidon/implementation/inputBlocks/runControl/scenario/_oneOf/1/portsAndMarkets/fuel/fuelPriceFile		https://ogcincubator.github.io/bblocks-seadots/build/annotated/hosted/seadots/poseidon-input-port-market/schema.yaml
/properties/poseidon/implementation/inputBlocks/runControl/scenario/_oneOf/1/regulations	http://www.w3.org/ns/prov#used	https://ogcincubator.github.io/bblocks-seadots/build/annotated/hosted/seadots/poseidon-input-scenario/schema.yaml
/properties/poseidon/implementation/inputBlocks/runControl/scenario/_oneOf/1/regulations/regulations	https://schema.org/legislation	https://ogcincubator.github.io/bblocks-seadots/build/annotated/hosted/seadots/poseidon-input-regulation-policy/schema.yaml
/properties/poseidon/implementation/inputBlocks/runControl/scenario/_oneOf/1/regulations/regulations/type		https://ogcincubator.github.io/bblocks-seadots/build/annotated/hosted/seadots/poseidon-input-regulation-policy/schema.yaml
/properties/poseidon/implementation/inputBlocks/runControl/scenario/_oneOf/1/regulations/regulations/startDay		https://ogcincubator.github.io/bblocks-seadots/build/annotated/hosted/seadots/poseidon-input-regulation-policy/schema.yaml
/properties/poseidon/implementation/inputBlocks/runControl/scenario/_oneOf/1/regulations/regulations/endDay		https://ogcincubator.github.io/bblocks-seadots/build/annotated/hosted/seadots/poseidon-input-regulation-policy/schema.yaml
/properties/poseidon/implementation/inputBlocks/runControl/scenario/_oneOf/1/regulations/regulations/species	https://schema.org/about	https://ogcincubator.github.io/bblocks-seadots/build/annotated/hosted/seadots/poseidon-input-regulation-policy/schema.yaml
/properties/poseidon/implementation/inputBlocks/runControl/scenario/_oneOf/1/regulations/regulations/areas		https://ogcincubator.github.io/bblocks-seadots/build/annotated/hosted/seadots/poseidon-input-regulation-policy/schema.yaml
/properties/poseidon/implementation/inputBlocks/runControl/scenario/_oneOf/1/regulations/regulations/conditions		https://ogcincubator.github.io/bblocks-seadots/build/annotated/hosted/seadots/poseidon-input-regulation-policy/schema.yaml
/properties/poseidon/implementation/inputBlocks/runControl/scenario/_oneOf/1/regulations/regulations/actions		https://ogcincubator.github.io/bblocks-seadots/build/annotated/hosted/seadots/poseidon-input-regulation-policy/schema.yaml
/properties/poseidon/implementation/inputBlocks/runControl/scenario/_oneOf/1/regulations/shocks	https://schema.org/event	https://ogcincubator.github.io/bblocks-seadots/build/annotated/hosted/seadots/poseidon-input-regulation-policy/schema.yaml
/properties/poseidon/implementation/inputBlocks/runControl/scenario/_oneOf/1/output	http://www.w3.org/ns/prov#used	https://ogcincubator.github.io/bblocks-seadots/build/annotated/hosted/seadots/poseidon-input-scenario/schema.yaml
/properties/poseidon/implementation/inputBlocks/runControl/scenario/_oneOf/1/output/columns	https://schema.org/variableMeasured	https://ogcincubator.github.io/bblocks-seadots/build/annotated/hosted/seadots/poseidon-input-observation-output/schema.yaml
/properties/poseidon/implementation/inputBlocks/runControl/scenario/_oneOf/1/output/cadence		https://ogcincubator.github.io/bblocks-seadots/build/annotated/hosted/seadots/poseidon-input-observation-output/schema.yaml
/properties/poseidon/implementation/inputBlocks/runControl/scenario/_oneOf/1/output/loggers	https://schema.org/instrument	https://ogcincubator.github.io/bblocks-seadots/build/annotated/hosted/seadots/poseidon-input-observation-output/schema.yaml
/properties/poseidon/implementation/inputBlocks/runControl/scenario/_oneOf/1/output/loggers/type		https://ogcincubator.github.io/bblocks-seadots/build/annotated/hosted/seadots/poseidon-input-observation-output/schema.yaml
/properties/poseidon/implementation/inputBlocks/runControl/scenario/_oneOf/1/output/outputProducts	https://schema.org/result	https://ogcincubator.github.io/bblocks-seadots/build/annotated/hosted/seadots/poseidon-input-observation-output/schema.yaml
/properties/poseidon/implementation/inputBlocks/runControl/scenario/_oneOf/1/plugins	http://www.w3.org/ns/prov#used	https://ogcincubator.github.io/bblocks-seadots/build/annotated/hosted/seadots/poseidon-input-scenario/schema.yaml
/properties/poseidon/implementation/inputBlocks/runControl/policy	http://www.w3.org/ns/prov#used	https://ogcincubator.github.io/bblocks-seadots/build/annotated/hosted/seadots/poseidon-input-run-control/schema.yaml
/properties/poseidon/implementation/inputBlocks/runControl/yearsToRun		https://ogcincubator.github.io/bblocks-seadots/build/annotated/hosted/seadots/poseidon-input-run-control/schema.yaml
/properties/poseidon/implementation/inputBlocks/runControl/randomSeed		https://ogcincubator.github.io/bblocks-seadots/build/annotated/hosted/seadots/poseidon-input-run-control/schema.yaml
/properties/poseidon/implementation/inputBlocks/runControl/replicates		https://ogcincubator.github.io/bblocks-seadots/build/annotated/hosted/seadots/poseidon-input-run-control/schema.yaml
/properties/poseidon/implementation/inputBlocks/runControl/outputDirectory	https://schema.org/contentLocation	https://ogcincubator.github.io/bblocks-seadots/build/annotated/hosted/seadots/poseidon-input-run-control/schema.yaml
/properties/poseidon/implementation/inputBlocks/runControl/outputSelection	http://www.w3.org/ns/prov#used	https://ogcincubator.github.io/bblocks-seadots/build/annotated/hosted/seadots/poseidon-input-run-control/schema.yaml
/properties/poseidon/implementation/inputBlocks/scenario		/github/workspace/build/annotated/hosted/seadots/poseidon-model/schema.yaml
/properties/poseidon/implementation/inputBlocks/scenario/scenarioType		https://ogcincubator.github.io/bblocks-seadots/build/annotated/hosted/seadots/poseidon-input-scenario/schema.yaml
/properties/poseidon/implementation/inputBlocks/scenario/map	http://www.w3.org/ns/prov#used	https://ogcincubator.github.io/bblocks-seadots/build/annotated/hosted/seadots/poseidon-input-scenario/schema.yaml
/properties/poseidon/implementation/inputBlocks/scenario/biology	http://www.w3.org/ns/prov#used	https://ogcincubator.github.io/bblocks-seadots/build/annotated/hosted/seadots/poseidon-input-scenario/schema.yaml
/properties/poseidon/implementation/inputBlocks/scenario/fleet	http://www.w3.org/ns/prov#used	https://ogcincubator.github.io/bblocks-seadots/build/annotated/hosted/seadots/poseidon-input-scenario/schema.yaml
/properties/poseidon/implementation/inputBlocks/scenario/portsAndMarkets	http://www.w3.org/ns/prov#used	https://ogcincubator.github.io/bblocks-seadots/build/annotated/hosted/seadots/poseidon-input-scenario/schema.yaml
/properties/poseidon/implementation/inputBlocks/scenario/regulations	http://www.w3.org/ns/prov#used	https://ogcincubator.github.io/bblocks-seadots/build/annotated/hosted/seadots/poseidon-input-scenario/schema.yaml
/properties/poseidon/implementation/inputBlocks/scenario/output	http://www.w3.org/ns/prov#used	https://ogcincubator.github.io/bblocks-seadots/build/annotated/hosted/seadots/poseidon-input-scenario/schema.yaml
/properties/poseidon/implementation/inputBlocks/scenario/plugins	http://www.w3.org/ns/prov#used	https://ogcincubator.github.io/bblocks-seadots/build/annotated/hosted/seadots/poseidon-input-scenario/schema.yaml
/properties/poseidon/implementation/inputBlocks/map		/github/workspace/build/annotated/hosted/seadots/poseidon-model/schema.yaml
/properties/poseidon/implementation/inputBlocks/map/initializerType		https://ogcincubator.github.io/bblocks-seadots/build/annotated/hosted/seadots/poseidon-input-map/schema.yaml
/properties/poseidon/implementation/inputBlocks/map/mapFile	http://purl.org/dc/terms/source	https://ogcincubator.github.io/bblocks-seadots/build/annotated/hosted/seadots/poseidon-input-map/schema.yaml
/properties/poseidon/implementation/inputBlocks/map/stacItem	https://w3id.org/ogc/stac/Item	https://ogcincubator.github.io/bblocks-seadots/build/annotated/hosted/seadots/poseidon-input-map/schema.yaml
/properties/poseidon/implementation/inputBlocks/map/stacCollection	https://w3id.org/ogc/stac/Collection	https://ogcincubator.github.io/bblocks-seadots/build/annotated/hosted/seadots/poseidon-input-map/schema.yaml
/properties/poseidon/implementation/inputBlocks/map/cellSizeInKilometers		https://ogcincubator.github.io/bblocks-seadots/build/annotated/hosted/seadots/poseidon-input-map/schema.yaml
/properties/poseidon/implementation/inputBlocks/map/gridWidthInCell		https://ogcincubator.github.io/bblocks-seadots/build/annotated/hosted/seadots/poseidon-input-map/schema.yaml
/properties/poseidon/implementation/inputBlocks/map/width		https://ogcincubator.github.io/bblocks-seadots/build/annotated/hosted/seadots/poseidon-input-map/schema.yaml
/properties/poseidon/implementation/inputBlocks/map/height		https://ogcincubator.github.io/bblocks-seadots/build/annotated/hosted/seadots/poseidon-input-map/schema.yaml
/properties/poseidon/implementation/inputBlocks/map/header		https://ogcincubator.github.io/bblocks-seadots/build/annotated/hosted/seadots/poseidon-input-map/schema.yaml
/properties/poseidon/implementation/inputBlocks/map/latLong		https://ogcincubator.github.io/bblocks-seadots/build/annotated/hosted/seadots/poseidon-input-map/schema.yaml
/properties/poseidon/implementation/inputBlocks/map/mapPaddingInDegrees		https://ogcincubator.github.io/bblocks-seadots/build/annotated/hosted/seadots/poseidon-input-map/schema.yaml
/properties/poseidon/implementation/inputBlocks/map/minInitialDepth		https://ogcincubator.github.io/bblocks-seadots/build/annotated/hosted/seadots/poseidon-input-map/schema.yaml
/properties/poseidon/implementation/inputBlocks/map/maxInitialDepth		https://ogcincubator.github.io/bblocks-seadots/build/annotated/hosted/seadots/poseidon-input-map/schema.yaml
/properties/poseidon/implementation/inputBlocks/map/lowRightEasting		https://ogcincubator.github.io/bblocks-seadots/build/annotated/hosted/seadots/poseidon-input-map/schema.yaml
/properties/poseidon/implementation/inputBlocks/map/lowRightNorthing		https://ogcincubator.github.io/bblocks-seadots/build/annotated/hosted/seadots/poseidon-input-map/schema.yaml
/properties/poseidon/implementation/inputBlocks/map/upLeftEasting		https://ogcincubator.github.io/bblocks-seadots/build/annotated/hosted/seadots/poseidon-input-map/schema.yaml
/properties/poseidon/implementation/inputBlocks/map/upLeftNorthing		https://ogcincubator.github.io/bblocks-seadots/build/annotated/hosted/seadots/poseidon-input-map/schema.yaml
/properties/poseidon/implementation/inputBlocks/map/depthOverrides		https://ogcincubator.github.io/bblocks-seadots/build/annotated/hosted/seadots/poseidon-input-map/schema.yaml
/properties/poseidon/implementation/inputBlocks/map/farOffPorts		https://ogcincubator.github.io/bblocks-seadots/build/annotated/hosted/seadots/poseidon-input-map/schema.yaml
/properties/poseidon/implementation/inputBlocks/biology		/github/workspace/build/annotated/hosted/seadots/poseidon-model/schema.yaml
/properties/poseidon/implementation/inputBlocks/biology/initializerType		https://ogcincubator.github.io/bblocks-seadots/build/annotated/hosted/seadots/poseidon-input-biology/schema.yaml
/properties/poseidon/implementation/inputBlocks/biology/species	https://schema.org/about	https://ogcincubator.github.io/bblocks-seadots/build/annotated/hosted/seadots/poseidon-input-biology/schema.yaml
/properties/poseidon/implementation/inputBlocks/biology/species/name	https://schema.org/name	https://ogcincubator.github.io/bblocks-seadots/build/annotated/hosted/seadots/poseidon-input-biology/schema.yaml
/properties/poseidon/implementation/inputBlocks/biology/species/modelType		https://ogcincubator.github.io/bblocks-seadots/build/annotated/hosted/seadots/poseidon-input-biology/schema.yaml
/properties/poseidon/implementation/inputBlocks/biology/species/carryingCapacity		https://ogcincubator.github.io/bblocks-seadots/build/annotated/hosted/seadots/poseidon-input-biology/schema.yaml
/properties/poseidon/implementation/inputBlocks/biology/species/initialBiomass		https://ogcincubator.github.io/bblocks-seadots/build/annotated/hosted/seadots/poseidon-input-biology/schema.yaml
/properties/poseidon/implementation/inputBlocks/biology/species/virginBiomass		https://ogcincubator.github.io/bblocks-seadots/build/annotated/hosted/seadots/poseidon-input-biology/schema.yaml
/properties/poseidon/implementation/inputBlocks/biology/species/growth		https://ogcincubator.github.io/bblocks-seadots/build/annotated/hosted/seadots/poseidon-input-biology/schema.yaml
/properties/poseidon/implementation/inputBlocks/biology/species/recruitment		https://ogcincubator.github.io/bblocks-seadots/build/annotated/hosted/seadots/poseidon-input-biology/schema.yaml
/properties/poseidon/implementation/inputBlocks/biology/species/mortality		https://ogcincubator.github.io/bblocks-seadots/build/annotated/hosted/seadots/poseidon-input-biology/schema.yaml
/properties/poseidon/implementation/inputBlocks/biology/species/meristics		https://ogcincubator.github.io/bblocks-seadots/build/annotated/hosted/seadots/poseidon-input-biology/schema.yaml
/properties/poseidon/implementation/inputBlocks/biology/species/diffusion		https://ogcincubator.github.io/bblocks-seadots/build/annotated/hosted/seadots/poseidon-input-biology/schema.yaml
/properties/poseidon/implementation/inputBlocks/biology/species/dataFiles	https://schema.org/encoding	https://ogcincubator.github.io/bblocks-seadots/build/annotated/hosted/seadots/poseidon-input-biology/schema.yaml
/properties/poseidon/implementation/inputBlocks/biology/osmoseConfigurationFile		https://ogcincubator.github.io/bblocks-seadots/build/annotated/hosted/seadots/poseidon-input-biology/schema.yaml
/properties/poseidon/implementation/inputBlocks/biology/preInitializedConfigurationDirectory		https://ogcincubator.github.io/bblocks-seadots/build/annotated/hosted/seadots/poseidon-input-biology/schema.yaml
/properties/poseidon/implementation/inputBlocks/biology/schaeferParamsFile		https://ogcincubator.github.io/bblocks-seadots/build/annotated/hosted/seadots/poseidon-input-biology/schema.yaml
/properties/poseidon/implementation/inputBlocks/biology/binsFilePath		https://ogcincubator.github.io/bblocks-seadots/build/annotated/hosted/seadots/poseidon-input-biology/schema.yaml
/properties/poseidon/implementation/inputBlocks/biology/stacItems	https://w3id.org/ogc/stac/Item	https://ogcincubator.github.io/bblocks-seadots/build/annotated/hosted/seadots/poseidon-input-biology/schema.yaml
/properties/poseidon/implementation/inputBlocks/fleet		/github/workspace/build/annotated/hosted/seadots/poseidon-model/schema.yaml
/properties/poseidon/implementation/inputBlocks/fleet/fishers	https://schema.org/agent	https://ogcincubator.github.io/bblocks-seadots/build/annotated/hosted/seadots/poseidon-input-fleet/schema.yaml
/properties/poseidon/implementation/inputBlocks/fleet/fishers/name	https://schema.org/name	https://ogcincubator.github.io/bblocks-seadots/build/annotated/hosted/seadots/poseidon-input-fleet/schema.yaml
/properties/poseidon/implementation/inputBlocks/fleet/fishers/count		https://ogcincubator.github.io/bblocks-seadots/build/annotated/hosted/seadots/poseidon-input-fleet/schema.yaml
/properties/poseidon/implementation/inputBlocks/fleet/fishers/homePort	https://schema.org/homeLocation	https://ogcincubator.github.io/bblocks-seadots/build/annotated/hosted/seadots/poseidon-input-fleet/schema.yaml
/properties/poseidon/implementation/inputBlocks/fleet/fishers/vessel		https://ogcincubator.github.io/bblocks-seadots/build/annotated/hosted/seadots/poseidon-input-fleet/schema.yaml
/properties/poseidon/implementation/inputBlocks/fleet/fishers/gear		https://ogcincubator.github.io/bblocks-seadots/build/annotated/hosted/seadots/poseidon-input-fleet/schema.yaml
/properties/poseidon/implementation/inputBlocks/fleet/fishers/gear/type		https://ogcincubator.github.io/bblocks-seadots/build/annotated/hosted/seadots/poseidon-input-fleet/schema.yaml
/properties/poseidon/implementation/inputBlocks/fleet/fishers/departingStrategy		https://ogcincubator.github.io/bblocks-seadots/build/annotated/hosted/seadots/poseidon-input-fleet/schema.yaml
/properties/poseidon/implementation/inputBlocks/fleet/fishers/destinationStrategy		https://ogcincubator.github.io/bblocks-seadots/build/annotated/hosted/seadots/poseidon-input-fleet/schema.yaml
/properties/poseidon/implementation/inputBlocks/fleet/fishers/fishingStrategy		https://ogcincubator.github.io/bblocks-seadots/build/annotated/hosted/seadots/poseidon-input-fleet/schema.yaml
/properties/poseidon/implementation/inputBlocks/fleet/fishers/gearStrategy		https://ogcincubator.github.io/bblocks-seadots/build/annotated/hosted/seadots/poseidon-input-fleet/schema.yaml
/properties/poseidon/implementation/inputBlocks/fleet/fishers/discardingStrategy		https://ogcincubator.github.io/bblocks-seadots/build/annotated/hosted/seadots/poseidon-input-fleet/schema.yaml
/properties/poseidon/implementation/inputBlocks/fleet/fishers/adaptation		https://ogcincubator.github.io/bblocks-seadots/build/annotated/hosted/seadots/poseidon-input-fleet/schema.yaml
/properties/poseidon/implementation/inputBlocks/fleet/fishers/logbook		https://ogcincubator.github.io/bblocks-seadots/build/annotated/hosted/seadots/poseidon-input-fleet/schema.yaml
/properties/poseidon/implementation/inputBlocks/fleet/socialNetwork		https://ogcincubator.github.io/bblocks-seadots/build/annotated/hosted/seadots/poseidon-input-fleet/schema.yaml
/properties/poseidon/implementation/inputBlocks/portMarket		/github/workspace/build/annotated/hosted/seadots/poseidon-model/schema.yaml
/properties/poseidon/implementation/inputBlocks/portMarket/portInitializerType		https://ogcincubator.github.io/bblocks-seadots/build/annotated/hosted/seadots/poseidon-input-port-market/schema.yaml
/properties/poseidon/implementation/inputBlocks/portMarket/ports	https://schema.org/location	https://ogcincubator.github.io/bblocks-seadots/build/annotated/hosted/seadots/poseidon-input-port-market/schema.yaml
/properties/poseidon/implementation/inputBlocks/portMarket/ports/name	https://schema.org/name	https://ogcincubator.github.io/bblocks-seadots/build/annotated/hosted/seadots/poseidon-input-port-market/schema.yaml
/properties/poseidon/implementation/inputBlocks/portMarket/ports/x		https://ogcincubator.github.io/bblocks-seadots/build/annotated/hosted/seadots/poseidon-input-port-market/schema.yaml
/properties/poseidon/implementation/inputBlocks/portMarket/ports/y		https://ogcincubator.github.io/bblocks-seadots/build/annotated/hosted/seadots/poseidon-input-port-market/schema.yaml
/properties/poseidon/implementation/inputBlocks/portMarket/ports/longitude	https://schema.org/longitude	https://ogcincubator.github.io/bblocks-seadots/build/annotated/hosted/seadots/poseidon-input-port-market/schema.yaml
/properties/poseidon/implementation/inputBlocks/portMarket/ports/latitude	https://schema.org/latitude	https://ogcincubator.github.io/bblocks-seadots/build/annotated/hosted/seadots/poseidon-input-port-market/schema.yaml
/properties/poseidon/implementation/inputBlocks/portMarket/ports/usingGridCoordinates		https://ogcincubator.github.io/bblocks-seadots/build/annotated/hosted/seadots/poseidon-input-port-market/schema.yaml
/properties/poseidon/implementation/inputBlocks/portMarket/market	https://schema.org/offers	https://ogcincubator.github.io/bblocks-seadots/build/annotated/hosted/seadots/poseidon-input-port-market/schema.yaml
/properties/poseidon/implementation/inputBlocks/portMarket/market/type		https://ogcincubator.github.io/bblocks-seadots/build/annotated/hosted/seadots/poseidon-input-port-market/schema.yaml
/properties/poseidon/implementation/inputBlocks/portMarket/market/priceBySpecies		https://ogcincubator.github.io/bblocks-seadots/build/annotated/hosted/seadots/poseidon-input-port-market/schema.yaml
/properties/poseidon/implementation/inputBlocks/portMarket/market/priceFile		https://ogcincubator.github.io/bblocks-seadots/build/annotated/hosted/seadots/poseidon-input-port-market/schema.yaml
/properties/poseidon/implementation/inputBlocks/portMarket/fuel		https://ogcincubator.github.io/bblocks-seadots/build/annotated/hosted/seadots/poseidon-input-port-market/schema.yaml
/properties/poseidon/implementation/inputBlocks/portMarket/fuel/gasPriceMaker		https://ogcincubator.github.io/bblocks-seadots/build/annotated/hosted/seadots/poseidon-input-port-market/schema.yaml
/properties/poseidon/implementation/inputBlocks/portMarket/fuel/fuelPrice		https://ogcincubator.github.io/bblocks-seadots/build/annotated/hosted/seadots/poseidon-input-port-market/schema.yaml
/properties/poseidon/implementation/inputBlocks/portMarket/fuel/fuelPriceFile		https://ogcincubator.github.io/bblocks-seadots/build/annotated/hosted/seadots/poseidon-input-port-market/schema.yaml
/properties/poseidon/implementation/inputBlocks/regulationPolicy		/github/workspace/build/annotated/hosted/seadots/poseidon-model/schema.yaml
/properties/poseidon/implementation/inputBlocks/regulationPolicy/regulations	https://schema.org/legislation	https://ogcincubator.github.io/bblocks-seadots/build/annotated/hosted/seadots/poseidon-input-regulation-policy/schema.yaml
/properties/poseidon/implementation/inputBlocks/regulationPolicy/regulations/type		https://ogcincubator.github.io/bblocks-seadots/build/annotated/hosted/seadots/poseidon-input-regulation-policy/schema.yaml
/properties/poseidon/implementation/inputBlocks/regulationPolicy/regulations/startDay		https://ogcincubator.github.io/bblocks-seadots/build/annotated/hosted/seadots/poseidon-input-regulation-policy/schema.yaml
/properties/poseidon/implementation/inputBlocks/regulationPolicy/regulations/endDay		https://ogcincubator.github.io/bblocks-seadots/build/annotated/hosted/seadots/poseidon-input-regulation-policy/schema.yaml
/properties/poseidon/implementation/inputBlocks/regulationPolicy/regulations/species	https://schema.org/about	https://ogcincubator.github.io/bblocks-seadots/build/annotated/hosted/seadots/poseidon-input-regulation-policy/schema.yaml
/properties/poseidon/implementation/inputBlocks/regulationPolicy/regulations/areas		https://ogcincubator.github.io/bblocks-seadots/build/annotated/hosted/seadots/poseidon-input-regulation-policy/schema.yaml
/properties/poseidon/implementation/inputBlocks/regulationPolicy/regulations/conditions		https://ogcincubator.github.io/bblocks-seadots/build/annotated/hosted/seadots/poseidon-input-regulation-policy/schema.yaml
/properties/poseidon/implementation/inputBlocks/regulationPolicy/regulations/actions		https://ogcincubator.github.io/bblocks-seadots/build/annotated/hosted/seadots/poseidon-input-regulation-policy/schema.yaml
/properties/poseidon/implementation/inputBlocks/regulationPolicy/shocks	https://schema.org/event	https://ogcincubator.github.io/bblocks-seadots/build/annotated/hosted/seadots/poseidon-input-regulation-policy/schema.yaml
/properties/poseidon/implementation/inputBlocks/optimization		/github/workspace/build/annotated/hosted/seadots/poseidon-model/schema.yaml
/properties/poseidon/implementation/inputBlocks/optimization/baseScenario	http://www.w3.org/ns/prov#used	https://ogcincubator.github.io/bblocks-seadots/build/annotated/hosted/seadots/poseidon-input-optimization/schema.yaml
/properties/poseidon/implementation/inputBlocks/optimization/algorithm	https://schema.org/algorithm	https://ogcincubator.github.io/bblocks-seadots/build/annotated/hosted/seadots/poseidon-input-optimization/schema.yaml
/properties/poseidon/implementation/inputBlocks/optimization/parameters	https://schema.org/variableMeasured	https://ogcincubator.github.io/bblocks-seadots/build/annotated/hosted/seadots/poseidon-input-optimization/schema.yaml
/properties/poseidon/implementation/inputBlocks/optimization/parameters/name		https://ogcincubator.github.io/bblocks-seadots/build/annotated/hosted/seadots/poseidon-input-optimization/schema.yaml
/properties/poseidon/implementation/inputBlocks/optimization/parameters/adaptor		https://ogcincubator.github.io/bblocks-seadots/build/annotated/hosted/seadots/poseidon-input-optimization/schema.yaml
/properties/poseidon/implementation/inputBlocks/optimization/parameters/lowerBound		https://ogcincubator.github.io/bblocks-seadots/build/annotated/hosted/seadots/poseidon-input-optimization/schema.yaml
/properties/poseidon/implementation/inputBlocks/optimization/parameters/upperBound		https://ogcincubator.github.io/bblocks-seadots/build/annotated/hosted/seadots/poseidon-input-optimization/schema.yaml
/properties/poseidon/implementation/inputBlocks/optimization/parameters/values		https://ogcincubator.github.io/bblocks-seadots/build/annotated/hosted/seadots/poseidon-input-optimization/schema.yaml
/properties/poseidon/implementation/inputBlocks/optimization/objective	https://schema.org/target	https://ogcincubator.github.io/bblocks-seadots/build/annotated/hosted/seadots/poseidon-input-optimization/schema.yaml
/properties/poseidon/implementation/inputBlocks/optimization/objective/metric		https://ogcincubator.github.io/bblocks-seadots/build/annotated/hosted/seadots/poseidon-input-optimization/schema.yaml
/properties/poseidon/implementation/inputBlocks/optimization/objective/direction		https://ogcincubator.github.io/bblocks-seadots/build/annotated/hosted/seadots/poseidon-input-optimization/schema.yaml
/properties/poseidon/implementation/inputBlocks/optimization/objective/expression		https://ogcincubator.github.io/bblocks-seadots/build/annotated/hosted/seadots/poseidon-input-optimization/schema.yaml
/properties/poseidon/implementation/inputBlocks/optimization/simulationBudget		https://ogcincubator.github.io/bblocks-seadots/build/annotated/hosted/seadots/poseidon-input-optimization/schema.yaml
/properties/poseidon/implementation/inputBlocks/optimization/seed		https://ogcincubator.github.io/bblocks-seadots/build/annotated/hosted/seadots/poseidon-input-optimization/schema.yaml
/properties/poseidon/implementation/inputBlocks/optimization/replicatesPerEvaluation		https://ogcincubator.github.io/bblocks-seadots/build/annotated/hosted/seadots/poseidon-input-optimization/schema.yaml
/properties/poseidon/implementation/inputBlocks/observationOutput		/github/workspace/build/annotated/hosted/seadots/poseidon-model/schema.yaml
/properties/poseidon/implementation/inputBlocks/observationOutput/columns	https://schema.org/variableMeasured	https://ogcincubator.github.io/bblocks-seadots/build/annotated/hosted/seadots/poseidon-input-observation-output/schema.yaml
/properties/poseidon/implementation/inputBlocks/observationOutput/cadence		https://ogcincubator.github.io/bblocks-seadots/build/annotated/hosted/seadots/poseidon-input-observation-output/schema.yaml
/properties/poseidon/implementation/inputBlocks/observationOutput/loggers	https://schema.org/instrument	https://ogcincubator.github.io/bblocks-seadots/build/annotated/hosted/seadots/poseidon-input-observation-output/schema.yaml
/properties/poseidon/implementation/inputBlocks/observationOutput/loggers/type		https://ogcincubator.github.io/bblocks-seadots/build/annotated/hosted/seadots/poseidon-input-observation-output/schema.yaml
/properties/poseidon/implementation/inputBlocks/observationOutput/outputProducts	https://schema.org/result	https://ogcincubator.github.io/bblocks-seadots/build/annotated/hosted/seadots/poseidon-input-observation-output/schema.yaml
