path	@id	schema
/baseScenario	http://www.w3.org/ns/prov#used	/github/workspace/build/annotated/hosted/seadots/poseidon-input-optimization/schema.yaml
/baseScenario/_oneOf/1/scenarioType		https://ogcincubator.github.io/bblocks-seadots/build/annotated/hosted/seadots/poseidon-input-scenario/schema.yaml
/baseScenario/_oneOf/1/map	http://www.w3.org/ns/prov#used	https://ogcincubator.github.io/bblocks-seadots/build/annotated/hosted/seadots/poseidon-input-scenario/schema.yaml
/baseScenario/_oneOf/1/map/initializerType		https://ogcincubator.github.io/bblocks-seadots/build/annotated/hosted/seadots/poseidon-input-map/schema.yaml
/baseScenario/_oneOf/1/map/mapFile	http://purl.org/dc/terms/source	https://ogcincubator.github.io/bblocks-seadots/build/annotated/hosted/seadots/poseidon-input-map/schema.yaml
/baseScenario/_oneOf/1/map/stacItem	https://w3id.org/ogc/stac/Item	https://ogcincubator.github.io/bblocks-seadots/build/annotated/hosted/seadots/poseidon-input-map/schema.yaml
/baseScenario/_oneOf/1/map/stacItem/_oneOf/1/type	@type	https://opengeospatial.github.io/bblocks/annotated-schemas/geo/features/feature/schema.yaml
/baseScenario/_oneOf/1/map/stacItem/_oneOf/1/id	@id	https://ogcincubator.github.io/bblocks-stac/build/annotated/contrib/stac/item/schema.yaml
/baseScenario/_oneOf/1/map/stacItem/_oneOf/1/properties	@nest	https://opengeospatial.github.io/bblocks/annotated-schemas/geo/common/data_types/geojson/schema.yaml
/baseScenario/_oneOf/1/map/stacItem/_oneOf/1/geometry	https://purl.org/geojson/vocab#geometry	https://opengeospatial.github.io/bblocks/annotated-schemas/geo/common/data_types/geojson/schema.yaml
/baseScenario/_oneOf/1/map/stacItem/_oneOf/1/geometry/_oneOf/1/type	@type	https://opengeospatial.github.io/bblocks/annotated-schemas/geo/common/data_types/geojson/schema.yaml
/baseScenario/_oneOf/1/map/stacItem/_oneOf/1/geometry/_oneOf/1/coordinates	https://purl.org/geojson/vocab#coordinates	https://opengeospatial.github.io/bblocks/annotated-schemas/geo/common/data_types/geojson/schema.yaml
/baseScenario/_oneOf/1/map/stacItem/_oneOf/1/geometry/_oneOf/1/bbox	https://purl.org/geojson/vocab#bbox	https://opengeospatial.github.io/bblocks/annotated-schemas/geo/common/data_types/geojson/schema.yaml
/baseScenario/_oneOf/1/map/stacItem/_oneOf/1/geometry/_oneOf/2/type	@type	https://opengeospatial.github.io/bblocks/annotated-schemas/geo/common/data_types/geojson/schema.yaml
/baseScenario/_oneOf/1/map/stacItem/_oneOf/1/geometry/_oneOf/2/coordinates	https://purl.org/geojson/vocab#coordinates	https://opengeospatial.github.io/bblocks/annotated-schemas/geo/common/data_types/geojson/schema.yaml
/baseScenario/_oneOf/1/map/stacItem/_oneOf/1/geometry/_oneOf/2/bbox	https://purl.org/geojson/vocab#bbox	https://opengeospatial.github.io/bblocks/annotated-schemas/geo/common/data_types/geojson/schema.yaml
/baseScenario/_oneOf/1/map/stacItem/_oneOf/1/geometry/_oneOf/3/type	@type	https://opengeospatial.github.io/bblocks/annotated-schemas/geo/common/data_types/geojson/schema.yaml
/baseScenario/_oneOf/1/map/stacItem/_oneOf/1/geometry/_oneOf/3/coordinates	https://purl.org/geojson/vocab#coordinates	https://opengeospatial.github.io/bblocks/annotated-schemas/geo/common/data_types/geojson/schema.yaml
/baseScenario/_oneOf/1/map/stacItem/_oneOf/1/geometry/_oneOf/3/bbox	https://purl.org/geojson/vocab#bbox	https://opengeospatial.github.io/bblocks/annotated-schemas/geo/common/data_types/geojson/schema.yaml
/baseScenario/_oneOf/1/map/stacItem/_oneOf/1/geometry/_oneOf/4/type	@type	https://opengeospatial.github.io/bblocks/annotated-schemas/geo/common/data_types/geojson/schema.yaml
/baseScenario/_oneOf/1/map/stacItem/_oneOf/1/geometry/_oneOf/4/coordinates	https://purl.org/geojson/vocab#coordinates	https://opengeospatial.github.io/bblocks/annotated-schemas/geo/common/data_types/geojson/schema.yaml
/baseScenario/_oneOf/1/map/stacItem/_oneOf/1/geometry/_oneOf/4/bbox	https://purl.org/geojson/vocab#bbox	https://opengeospatial.github.io/bblocks/annotated-schemas/geo/common/data_types/geojson/schema.yaml
/baseScenario/_oneOf/1/map/stacItem/_oneOf/1/geometry/_oneOf/5/type	@type	https://opengeospatial.github.io/bblocks/annotated-schemas/geo/common/data_types/geojson/schema.yaml
/baseScenario/_oneOf/1/map/stacItem/_oneOf/1/geometry/_oneOf/5/coordinates	https://purl.org/geojson/vocab#coordinates	https://opengeospatial.github.io/bblocks/annotated-schemas/geo/common/data_types/geojson/schema.yaml
/baseScenario/_oneOf/1/map/stacItem/_oneOf/1/geometry/_oneOf/5/bbox	https://purl.org/geojson/vocab#bbox	https://opengeospatial.github.io/bblocks/annotated-schemas/geo/common/data_types/geojson/schema.yaml
/baseScenario/_oneOf/1/map/stacItem/_oneOf/1/geometry/_oneOf/6/type	@type	https://opengeospatial.github.io/bblocks/annotated-schemas/geo/common/data_types/geojson/schema.yaml
/baseScenario/_oneOf/1/map/stacItem/_oneOf/1/geometry/_oneOf/6/coordinates	https://purl.org/geojson/vocab#coordinates	https://opengeospatial.github.io/bblocks/annotated-schemas/geo/common/data_types/geojson/schema.yaml
/baseScenario/_oneOf/1/map/stacItem/_oneOf/1/geometry/_oneOf/6/bbox	https://purl.org/geojson/vocab#bbox	https://opengeospatial.github.io/bblocks/annotated-schemas/geo/common/data_types/geojson/schema.yaml
/baseScenario/_oneOf/1/map/stacItem/_oneOf/1/geometry/_oneOf/7/type	@type	https://opengeospatial.github.io/bblocks/annotated-schemas/geo/common/data_types/geojson/schema.yaml
/baseScenario/_oneOf/1/map/stacItem/_oneOf/1/geometry/_oneOf/7/geometries		https://opengeospatial.github.io/bblocks/annotated-schemas/geo/common/data_types/geojson/schema.yaml
/baseScenario/_oneOf/1/map/stacItem/_oneOf/1/geometry/_oneOf/7/geometries/_oneOf/0/type	@type	https://opengeospatial.github.io/bblocks/annotated-schemas/geo/common/data_types/geojson/schema.yaml
/baseScenario/_oneOf/1/map/stacItem/_oneOf/1/geometry/_oneOf/7/geometries/_oneOf/0/coordinates	https://purl.org/geojson/vocab#coordinates	https://opengeospatial.github.io/bblocks/annotated-schemas/geo/common/data_types/geojson/schema.yaml
/baseScenario/_oneOf/1/map/stacItem/_oneOf/1/geometry/_oneOf/7/geometries/_oneOf/0/bbox	https://purl.org/geojson/vocab#bbox	https://opengeospatial.github.io/bblocks/annotated-schemas/geo/common/data_types/geojson/schema.yaml
/baseScenario/_oneOf/1/map/stacItem/_oneOf/1/geometry/_oneOf/7/geometries/_oneOf/1/type	@type	https://opengeospatial.github.io/bblocks/annotated-schemas/geo/common/data_types/geojson/schema.yaml
/baseScenario/_oneOf/1/map/stacItem/_oneOf/1/geometry/_oneOf/7/geometries/_oneOf/1/coordinates	https://purl.org/geojson/vocab#coordinates	https://opengeospatial.github.io/bblocks/annotated-schemas/geo/common/data_types/geojson/schema.yaml
/baseScenario/_oneOf/1/map/stacItem/_oneOf/1/geometry/_oneOf/7/geometries/_oneOf/1/bbox	https://purl.org/geojson/vocab#bbox	https://opengeospatial.github.io/bblocks/annotated-schemas/geo/common/data_types/geojson/schema.yaml
/baseScenario/_oneOf/1/map/stacItem/_oneOf/1/geometry/_oneOf/7/geometries/_oneOf/2/type	@type	https://opengeospatial.github.io/bblocks/annotated-schemas/geo/common/data_types/geojson/schema.yaml
/baseScenario/_oneOf/1/map/stacItem/_oneOf/1/geometry/_oneOf/7/geometries/_oneOf/2/coordinates	https://purl.org/geojson/vocab#coordinates	https://opengeospatial.github.io/bblocks/annotated-schemas/geo/common/data_types/geojson/schema.yaml
/baseScenario/_oneOf/1/map/stacItem/_oneOf/1/geometry/_oneOf/7/geometries/_oneOf/2/bbox	https://purl.org/geojson/vocab#bbox	https://opengeospatial.github.io/bblocks/annotated-schemas/geo/common/data_types/geojson/schema.yaml
/baseScenario/_oneOf/1/map/stacItem/_oneOf/1/geometry/_oneOf/7/geometries/_oneOf/3/type	@type	https://opengeospatial.github.io/bblocks/annotated-schemas/geo/common/data_types/geojson/schema.yaml
/baseScenario/_oneOf/1/map/stacItem/_oneOf/1/geometry/_oneOf/7/geometries/_oneOf/3/coordinates	https://purl.org/geojson/vocab#coordinates	https://opengeospatial.github.io/bblocks/annotated-schemas/geo/common/data_types/geojson/schema.yaml
/baseScenario/_oneOf/1/map/stacItem/_oneOf/1/geometry/_oneOf/7/geometries/_oneOf/3/bbox	https://purl.org/geojson/vocab#bbox	https://opengeospatial.github.io/bblocks/annotated-schemas/geo/common/data_types/geojson/schema.yaml
/baseScenario/_oneOf/1/map/stacItem/_oneOf/1/geometry/_oneOf/7/geometries/_oneOf/4/type	@type	https://opengeospatial.github.io/bblocks/annotated-schemas/geo/common/data_types/geojson/schema.yaml
/baseScenario/_oneOf/1/map/stacItem/_oneOf/1/geometry/_oneOf/7/geometries/_oneOf/4/coordinates	https://purl.org/geojson/vocab#coordinates	https://opengeospatial.github.io/bblocks/annotated-schemas/geo/common/data_types/geojson/schema.yaml
/baseScenario/_oneOf/1/map/stacItem/_oneOf/1/geometry/_oneOf/7/geometries/_oneOf/4/bbox	https://purl.org/geojson/vocab#bbox	https://opengeospatial.github.io/bblocks/annotated-schemas/geo/common/data_types/geojson/schema.yaml
/baseScenario/_oneOf/1/map/stacItem/_oneOf/1/geometry/_oneOf/7/geometries/_oneOf/5/type	@type	https://opengeospatial.github.io/bblocks/annotated-schemas/geo/common/data_types/geojson/schema.yaml
/baseScenario/_oneOf/1/map/stacItem/_oneOf/1/geometry/_oneOf/7/geometries/_oneOf/5/coordinates	https://purl.org/geojson/vocab#coordinates	https://opengeospatial.github.io/bblocks/annotated-schemas/geo/common/data_types/geojson/schema.yaml
/baseScenario/_oneOf/1/map/stacItem/_oneOf/1/geometry/_oneOf/7/geometries/_oneOf/5/bbox	https://purl.org/geojson/vocab#bbox	https://opengeospatial.github.io/bblocks/annotated-schemas/geo/common/data_types/geojson/schema.yaml
/baseScenario/_oneOf/1/map/stacItem/_oneOf/1/geometry/_oneOf/7/bbox	https://purl.org/geojson/vocab#bbox	https://opengeospatial.github.io/bblocks/annotated-schemas/geo/common/data_types/geojson/schema.yaml
/baseScenario/_oneOf/1/map/stacItem/_oneOf/1/bbox	https://purl.org/geojson/vocab#bbox	https://opengeospatial.github.io/bblocks/annotated-schemas/geo/common/data_types/geojson/schema.yaml
/baseScenario/_oneOf/1/map/stacItem/_oneOf/1/links	http://www.w3.org/2000/01/rdf-schema#seeAlso	https://ogcincubator.github.io/bblocks-ogcapi-records/build/annotated/api/records/v1/schemas/recordGeoJSON/schema.yaml
/baseScenario/_oneOf/1/map/stacItem/_oneOf/1/links/href	http://www.w3.org/ns/oa#hasTarget	https://opengeospatial.github.io/bblocks/annotated-schemas/ogc-utils/json-link/schema.yaml
/baseScenario/_oneOf/1/map/stacItem/_oneOf/1/links/rel	http://www.iana.org/assignments/relation	https://ogcincubator.github.io/bblocks-ogcapi-records/build/annotated/api/records/v1/schemas/linkBase/schema.yaml
/baseScenario/_oneOf/1/map/stacItem/_oneOf/1/links/anchor		https://opengeospatial.github.io/bblocks/annotated-schemas/ogc-utils/json-link/schema.yaml
/baseScenario/_oneOf/1/map/stacItem/_oneOf/1/links/type	@type	https://ogcincubator.github.io/bblocks-stac/build/annotated/contrib/stac/item/schema.yaml
/baseScenario/_oneOf/1/map/stacItem/_oneOf/1/links/hreflang	http://purl.org/dc/terms/language	https://ogcincubator.github.io/bblocks-ogcapi-records/build/annotated/api/records/v1/schemas/linkBase/schema.yaml
/baseScenario/_oneOf/1/map/stacItem/_oneOf/1/links/title	http://purl.org/dc/terms/title	https://ogcincubator.github.io/bblocks-stac/build/annotated/contrib/stac/item/schema.yaml
/baseScenario/_oneOf/1/map/stacItem/_oneOf/1/links/length	http://purl.org/dc/terms/extent	https://ogcincubator.github.io/bblocks-ogcapi-records/build/annotated/api/records/v1/schemas/linkBase/schema.yaml
/baseScenario/_oneOf/1/map/stacItem/_oneOf/1/conformsTo	http://purl.org/dc/terms/conformsTo	https://ogcincubator.github.io/bblocks-ogcapi-records/build/annotated/api/records/v1/schemas/recordGeoJSON/schema.yaml
/baseScenario/_oneOf/1/map/stacItem/_oneOf/1/time	http://purl.org/dc/terms/temporal	https://ogcincubator.github.io/bblocks-ogcapi-records/build/annotated/api/records/v1/schemas/recordGeoJSON/schema.yaml
/baseScenario/_oneOf/1/map/stacItem/_oneOf/1/time/_oneOf/1/date		https://ogcincubator.github.io/bblocks-ogcapi-records/build/annotated/api/records/v1/schemas/time/schema.yaml
/baseScenario/_oneOf/1/map/stacItem/_oneOf/1/time/_oneOf/1/timestamp		https://ogcincubator.github.io/bblocks-ogcapi-records/build/annotated/api/records/v1/schemas/time/schema.yaml
/baseScenario/_oneOf/1/map/stacItem/_oneOf/1/time/_oneOf/1/interval		https://ogcincubator.github.io/bblocks-ogcapi-records/build/annotated/api/records/v1/schemas/time/schema.yaml
/baseScenario/_oneOf/1/map/stacItem/_oneOf/1/time/_oneOf/1/resolution		https://ogcincubator.github.io/bblocks-ogcapi-records/build/annotated/api/records/v1/schemas/time/schema.yaml
/baseScenario/_oneOf/1/map/stacItem/_oneOf/1/properties/created	http://purl.org/dc/terms/created	https://ogcincubator.github.io/bblocks-ogcapi-records/build/annotated/api/records/v1/schemas/recordGeoJSON/schema.yaml
/baseScenario/_oneOf/1/map/stacItem/_oneOf/1/properties/updated	http://purl.org/dc/terms/modified	https://ogcincubator.github.io/bblocks-ogcapi-records/build/annotated/api/records/v1/schemas/recordGeoJSON/schema.yaml
/baseScenario/_oneOf/1/map/stacItem/_oneOf/1/properties/type		https://ogcincubator.github.io/bblocks-ogcapi-records/build/annotated/api/records/v1/schemas/recordGeoJSON/schema.yaml
/baseScenario/_oneOf/1/map/stacItem/_oneOf/1/properties/title	http://purl.org/dc/terms/title	https://ogcincubator.github.io/bblocks-ogcapi-records/build/annotated/api/records/v1/schemas/recordGeoJSON/schema.yaml
/baseScenario/_oneOf/1/map/stacItem/_oneOf/1/properties/description	http://purl.org/dc/terms/description	https://ogcincubator.github.io/bblocks-ogcapi-records/build/annotated/api/records/v1/schemas/recordGeoJSON/schema.yaml
/baseScenario/_oneOf/1/map/stacItem/_oneOf/1/properties/keywords	http://www.w3.org/ns/dcat#keyword	https://ogcincubator.github.io/bblocks-ogcapi-records/build/annotated/api/records/v1/schemas/recordGeoJSON/schema.yaml
/baseScenario/_oneOf/1/map/stacItem/_oneOf/1/properties/language	https://www.opengis.net/def/ogc-api/records/language	https://ogcincubator.github.io/bblocks-ogcapi-records/build/annotated/api/records/v1/schemas/recordGeoJSON/schema.yaml
/baseScenario/_oneOf/1/map/stacItem/_oneOf/1/properties/language/code		https://ogcincubator.github.io/bblocks-ogcapi-records/build/annotated/api/records/v1/schemas/language/schema.yaml
/baseScenario/_oneOf/1/map/stacItem/_oneOf/1/properties/language/name		https://ogcincubator.github.io/bblocks-ogcapi-records/build/annotated/api/records/v1/schemas/language/schema.yaml
/baseScenario/_oneOf/1/map/stacItem/_oneOf/1/properties/language/alternate		https://ogcincubator.github.io/bblocks-ogcapi-records/build/annotated/api/records/v1/schemas/language/schema.yaml
/baseScenario/_oneOf/1/map/stacItem/_oneOf/1/properties/language/dir		https://ogcincubator.github.io/bblocks-ogcapi-records/build/annotated/api/records/v1/schemas/language/schema.yaml
/baseScenario/_oneOf/1/map/stacItem/_oneOf/1/properties/languages	https://www.opengis.net/def/ogc-api/records/languages	https://ogcincubator.github.io/bblocks-ogcapi-records/build/annotated/api/records/v1/schemas/recordGeoJSON/schema.yaml
/baseScenario/_oneOf/1/map/stacItem/_oneOf/1/properties/resourceLanguages	https://www.opengis.net/def/ogc-api/records/resourceLanguages	https://ogcincubator.github.io/bblocks-ogcapi-records/build/annotated/api/records/v1/schemas/recordGeoJSON/schema.yaml
/baseScenario/_oneOf/1/map/stacItem/_oneOf/1/properties/externalIds	https://www.opengis.net/def/ogc-api/records/scopedIdentifier	https://ogcincubator.github.io/bblocks-ogcapi-records/build/annotated/api/records/v1/schemas/recordGeoJSON/schema.yaml
/baseScenario/_oneOf/1/map/stacItem/_oneOf/1/properties/externalIds/scheme	https://www.opengis.net/def/ogc-api/records/scheme	https://ogcincubator.github.io/bblocks-ogcapi-records/build/annotated/api/records/v1/schemas/recordGeoJSON/schema.yaml
/baseScenario/_oneOf/1/map/stacItem/_oneOf/1/properties/externalIds/value	https://www.opengis.net/def/ogc-api/records/id	https://ogcincubator.github.io/bblocks-ogcapi-records/build/annotated/api/records/v1/schemas/recordGeoJSON/schema.yaml
/baseScenario/_oneOf/1/map/stacItem/_oneOf/1/properties/themes	https://www.opengis.net/def/ogc-api/records/themes	https://ogcincubator.github.io/bblocks-ogcapi-records/build/annotated/api/records/v1/schemas/recordGeoJSON/schema.yaml
/baseScenario/_oneOf/1/map/stacItem/_oneOf/1/properties/themes/concepts	https://w3id.org/ogc/stac/themes/concepts	https://ogcincubator.github.io/bblocks-ogcapi-records/build/annotated/api/records/v1/schemas/theme/schema.yaml
/baseScenario/_oneOf/1/map/stacItem/_oneOf/1/properties/themes/concepts/id	https://w3id.org/ogc/stac/themes/id	https://ogcincubator.github.io/bblocks-ogcapi-records/build/annotated/api/records/v1/schemas/theme/schema.yaml
/baseScenario/_oneOf/1/map/stacItem/_oneOf/1/properties/themes/concepts/title	http://purl.org/dc/terms/title	https://ogcincubator.github.io/bblocks-ogcapi-records/build/annotated/api/records/v1/schemas/theme/schema.yaml
/baseScenario/_oneOf/1/map/stacItem/_oneOf/1/properties/themes/concepts/description	http://purl.org/dc/terms/description	https://ogcincubator.github.io/bblocks-ogcapi-records/build/annotated/api/records/v1/schemas/theme/schema.yaml
/baseScenario/_oneOf/1/map/stacItem/_oneOf/1/properties/themes/concepts/url	@id	https://ogcincubator.github.io/bblocks-ogcapi-records/build/annotated/api/records/v1/schemas/theme/schema.yaml
/baseScenario/_oneOf/1/map/stacItem/_oneOf/1/properties/themes/scheme	https://w3id.org/ogc/stac/themes/scheme	https://ogcincubator.github.io/bblocks-ogcapi-records/build/annotated/api/records/v1/schemas/theme/schema.yaml
/baseScenario/_oneOf/1/map/stacItem/_oneOf/1/properties/formats	https://www.opengis.net/def/ogc-api/records/format	https://ogcincubator.github.io/bblocks-ogcapi-records/build/annotated/api/records/v1/schemas/recordGeoJSON/schema.yaml
/baseScenario/_oneOf/1/map/stacItem/_oneOf/1/properties/formats/name	https://www.opengis.net/def/ogc-api/records/name	https://ogcincubator.github.io/bblocks-ogcapi-records/build/annotated/api/records/v1/schemas/recordGeoJSON/schema.yaml
/baseScenario/_oneOf/1/map/stacItem/_oneOf/1/properties/formats/mediaType	https://www.opengis.net/def/ogc-api/records/mediaType	https://ogcincubator.github.io/bblocks-ogcapi-records/build/annotated/api/records/v1/schemas/recordGeoJSON/schema.yaml
/baseScenario/_oneOf/1/map/stacItem/_oneOf/1/properties/contacts	http://www.w3.org/ns/dcat#contactPoint	https://ogcincubator.github.io/bblocks-ogcapi-records/build/annotated/api/records/v1/schemas/recordGeoJSON/schema.yaml
/baseScenario/_oneOf/1/map/stacItem/_oneOf/1/properties/contacts/identifier		https://ogcincubator.github.io/bblocks-ogcapi-records/build/annotated/api/records/v1/schemas/contact/schema.yaml
/baseScenario/_oneOf/1/map/stacItem/_oneOf/1/properties/contacts/name		https://ogcincubator.github.io/bblocks-ogcapi-records/build/annotated/api/records/v1/schemas/contact/schema.yaml
/baseScenario/_oneOf/1/map/stacItem/_oneOf/1/properties/contacts/position		https://ogcincubator.github.io/bblocks-ogcapi-records/build/annotated/api/records/v1/schemas/contact/schema.yaml
/baseScenario/_oneOf/1/map/stacItem/_oneOf/1/properties/contacts/organization		https://ogcincubator.github.io/bblocks-ogcapi-records/build/annotated/api/records/v1/schemas/contact/schema.yaml
/baseScenario/_oneOf/1/map/stacItem/_oneOf/1/properties/contacts/logo		https://ogcincubator.github.io/bblocks-ogcapi-records/build/annotated/api/records/v1/schemas/contact/schema.yaml
/baseScenario/_oneOf/1/map/stacItem/_oneOf/1/properties/contacts/logo/rel		https://ogcincubator.github.io/bblocks-ogcapi-records/build/annotated/api/records/v1/schemas/contact/schema.yaml
/baseScenario/_oneOf/1/map/stacItem/_oneOf/1/properties/contacts/phones		https://ogcincubator.github.io/bblocks-ogcapi-records/build/annotated/api/records/v1/schemas/contact/schema.yaml
/baseScenario/_oneOf/1/map/stacItem/_oneOf/1/properties/contacts/phones/value		https://ogcincubator.github.io/bblocks-ogcapi-records/build/annotated/api/records/v1/schemas/contact/schema.yaml
/baseScenario/_oneOf/1/map/stacItem/_oneOf/1/properties/contacts/phones/roles		https://ogcincubator.github.io/bblocks-ogcapi-records/build/annotated/api/records/v1/schemas/contact/schema.yaml
/baseScenario/_oneOf/1/map/stacItem/_oneOf/1/properties/contacts/emails		https://ogcincubator.github.io/bblocks-ogcapi-records/build/annotated/api/records/v1/schemas/contact/schema.yaml
/baseScenario/_oneOf/1/map/stacItem/_oneOf/1/properties/contacts/emails/value		https://ogcincubator.github.io/bblocks-ogcapi-records/build/annotated/api/records/v1/schemas/contact/schema.yaml
/baseScenario/_oneOf/1/map/stacItem/_oneOf/1/properties/contacts/emails/roles		https://ogcincubator.github.io/bblocks-ogcapi-records/build/annotated/api/records/v1/schemas/contact/schema.yaml
/baseScenario/_oneOf/1/map/stacItem/_oneOf/1/properties/contacts/addresses		https://ogcincubator.github.io/bblocks-ogcapi-records/build/annotated/api/records/v1/schemas/contact/schema.yaml
/baseScenario/_oneOf/1/map/stacItem/_oneOf/1/properties/contacts/addresses/deliveryPoint		https://ogcincubator.github.io/bblocks-ogcapi-records/build/annotated/api/records/v1/schemas/contact/schema.yaml
/baseScenario/_oneOf/1/map/stacItem/_oneOf/1/properties/contacts/addresses/city		https://ogcincubator.github.io/bblocks-ogcapi-records/build/annotated/api/records/v1/schemas/contact/schema.yaml
/baseScenario/_oneOf/1/map/stacItem/_oneOf/1/properties/contacts/addresses/administrativeArea		https://ogcincubator.github.io/bblocks-ogcapi-records/build/annotated/api/records/v1/schemas/contact/schema.yaml
/baseScenario/_oneOf/1/map/stacItem/_oneOf/1/properties/contacts/addresses/postalCode		https://ogcincubator.github.io/bblocks-ogcapi-records/build/annotated/api/records/v1/schemas/contact/schema.yaml
/baseScenario/_oneOf/1/map/stacItem/_oneOf/1/properties/contacts/addresses/country		https://ogcincubator.github.io/bblocks-ogcapi-records/build/annotated/api/records/v1/schemas/contact/schema.yaml
/baseScenario/_oneOf/1/map/stacItem/_oneOf/1/properties/contacts/addresses/roles		https://ogcincubator.github.io/bblocks-ogcapi-records/build/annotated/api/records/v1/schemas/contact/schema.yaml
/baseScenario/_oneOf/1/map/stacItem/_oneOf/1/properties/contacts/links		https://ogcincubator.github.io/bblocks-ogcapi-records/build/annotated/api/records/v1/schemas/contact/schema.yaml
/baseScenario/_oneOf/1/map/stacItem/_oneOf/1/properties/contacts/hoursOfService		https://ogcincubator.github.io/bblocks-ogcapi-records/build/annotated/api/records/v1/schemas/contact/schema.yaml
/baseScenario/_oneOf/1/map/stacItem/_oneOf/1/properties/contacts/contactInstructions		https://ogcincubator.github.io/bblocks-ogcapi-records/build/annotated/api/records/v1/schemas/contact/schema.yaml
/baseScenario/_oneOf/1/map/stacItem/_oneOf/1/properties/contacts/roles		https://ogcincubator.github.io/bblocks-ogcapi-records/build/annotated/api/records/v1/schemas/contact/schema.yaml
/baseScenario/_oneOf/1/map/stacItem/_oneOf/1/properties/license	http://www.w3.org/ns/dcat#license	https://ogcincubator.github.io/bblocks-ogcapi-records/build/annotated/api/records/v1/schemas/recordGeoJSON/schema.yaml
/baseScenario/_oneOf/1/map/stacItem/_oneOf/1/properties/rights	http://www.w3.org/ns/dcat#rights	https://ogcincubator.github.io/bblocks-ogcapi-records/build/annotated/api/records/v1/schemas/recordGeoJSON/schema.yaml
/baseScenario/_oneOf/1/map/stacItem/_oneOf/1/links/created	http://purl.org/dc/terms/created	https://ogcincubator.github.io/bblocks-ogcapi-records/build/annotated/api/records/v1/schemas/linkBase/schema.yaml
/baseScenario/_oneOf/1/map/stacItem/_oneOf/1/links/updated	http://purl.org/dc/terms/modified	https://ogcincubator.github.io/bblocks-ogcapi-records/build/annotated/api/records/v1/schemas/linkBase/schema.yaml
/baseScenario/_oneOf/1/map/stacItem/_oneOf/1/linkTemplates	https://www.opengis.net/def/ogc-api/records/hasLinkTemplate	https://ogcincubator.github.io/bblocks-ogcapi-records/build/annotated/api/records/v1/schemas/recordGeoJSON/schema.yaml
/baseScenario/_oneOf/1/map/stacItem/_oneOf/1/linkTemplates/uriTemplate	https://www.opengis.net/def/ogc-api/records/uriTemplate	https://ogcincubator.github.io/bblocks-ogcapi-records/build/annotated/api/records/v1/schemas/linkTemplate/schema.yaml
/baseScenario/_oneOf/1/map/stacItem/_oneOf/1/linkTemplates/varBase	https://www.opengis.net/def/ogc-api/records/varBase	https://ogcincubator.github.io/bblocks-ogcapi-records/build/annotated/api/records/v1/schemas/linkTemplate/schema.yaml
/baseScenario/_oneOf/1/map/stacItem/_oneOf/1/linkTemplates/variables	https://www.opengis.net/def/ogc-api/records/hasVariable	https://ogcincubator.github.io/bblocks-ogcapi-records/build/annotated/api/records/v1/schemas/linkTemplate/schema.yaml
/baseScenario/_oneOf/1/map/stacItem/_oneOf/1/_oneOf/0/geometry		https://ogcincubator.github.io/bblocks-stac/build/annotated/contrib/stac/item/schema.yaml
/baseScenario/_oneOf/1/map/stacItem/_oneOf/1/_oneOf/0/geometry/_oneOf/0/type		https://geojson.org/schema/Geometry.json
/baseScenario/_oneOf/1/map/stacItem/_oneOf/1/_oneOf/0/geometry/_oneOf/0/coordinates		https://geojson.org/schema/Geometry.json
/baseScenario/_oneOf/1/map/stacItem/_oneOf/1/_oneOf/0/geometry/_oneOf/0/bbox		https://geojson.org/schema/Geometry.json
/baseScenario/_oneOf/1/map/stacItem/_oneOf/1/_oneOf/0/geometry/_oneOf/1/type		https://geojson.org/schema/Geometry.json
/baseScenario/_oneOf/1/map/stacItem/_oneOf/1/_oneOf/0/geometry/_oneOf/1/coordinates		https://geojson.org/schema/Geometry.json
/baseScenario/_oneOf/1/map/stacItem/_oneOf/1/_oneOf/0/geometry/_oneOf/1/bbox		https://geojson.org/schema/Geometry.json
/baseScenario/_oneOf/1/map/stacItem/_oneOf/1/_oneOf/0/geometry/_oneOf/2/type		https://geojson.org/schema/Geometry.json
/baseScenario/_oneOf/1/map/stacItem/_oneOf/1/_oneOf/0/geometry/_oneOf/2/coordinates		https://geojson.org/schema/Geometry.json
/baseScenario/_oneOf/1/map/stacItem/_oneOf/1/_oneOf/0/geometry/_oneOf/2/bbox		https://geojson.org/schema/Geometry.json
/baseScenario/_oneOf/1/map/stacItem/_oneOf/1/_oneOf/0/geometry/_oneOf/3/type		https://geojson.org/schema/Geometry.json
/baseScenario/_oneOf/1/map/stacItem/_oneOf/1/_oneOf/0/geometry/_oneOf/3/coordinates		https://geojson.org/schema/Geometry.json
/baseScenario/_oneOf/1/map/stacItem/_oneOf/1/_oneOf/0/geometry/_oneOf/3/bbox		https://geojson.org/schema/Geometry.json
/baseScenario/_oneOf/1/map/stacItem/_oneOf/1/_oneOf/0/geometry/_oneOf/4/type		https://geojson.org/schema/Geometry.json
/baseScenario/_oneOf/1/map/stacItem/_oneOf/1/_oneOf/0/geometry/_oneOf/4/coordinates		https://geojson.org/schema/Geometry.json
/baseScenario/_oneOf/1/map/stacItem/_oneOf/1/_oneOf/0/geometry/_oneOf/4/bbox		https://geojson.org/schema/Geometry.json
/baseScenario/_oneOf/1/map/stacItem/_oneOf/1/_oneOf/0/geometry/_oneOf/5/type		https://geojson.org/schema/Geometry.json
/baseScenario/_oneOf/1/map/stacItem/_oneOf/1/_oneOf/0/geometry/_oneOf/5/coordinates		https://geojson.org/schema/Geometry.json
/baseScenario/_oneOf/1/map/stacItem/_oneOf/1/_oneOf/0/geometry/_oneOf/5/bbox		https://geojson.org/schema/Geometry.json
/baseScenario/_oneOf/1/map/stacItem/_oneOf/1/_oneOf/0/bbox		https://ogcincubator.github.io/bblocks-stac/build/annotated/contrib/stac/item/schema.yaml
/baseScenario/_oneOf/1/map/stacItem/_oneOf/1/_oneOf/1/geometry		https://ogcincubator.github.io/bblocks-stac/build/annotated/contrib/stac/item/schema.yaml
/baseScenario/_oneOf/1/map/stacItem/_oneOf/1/_oneOf/1/bbox		https://ogcincubator.github.io/bblocks-stac/build/annotated/contrib/stac/item/schema.yaml
/baseScenario/_oneOf/1/map/stacItem/_oneOf/1/_then/collection		https://ogcincubator.github.io/bblocks-stac/build/annotated/contrib/stac/item/schema.yaml
/baseScenario/_oneOf/1/map/stacItem/_oneOf/1/_else/collection		https://ogcincubator.github.io/bblocks-stac/build/annotated/contrib/stac/item/schema.yaml
/baseScenario/_oneOf/1/map/stacItem/_oneOf/1/_then/properties		https://ogcincubator.github.io/bblocks-stac/build/annotated/contrib/stac/item/schema.yaml
/baseScenario/_oneOf/1/map/stacItem/_oneOf/1/_then/properties/bands		https://ogcincubator.github.io/bblocks-stac/build/annotated/contrib/stac/item/schema.yaml
/baseScenario/_oneOf/1/map/stacItem/_oneOf/1/_else/properties		https://ogcincubator.github.io/bblocks-stac/build/annotated/contrib/stac/item/schema.yaml
/baseScenario/_oneOf/1/map/stacItem/_oneOf/1/_else/properties/bands		https://raw.githubusercontent.com/radiantearth/stac-spec/master/item-spec/json-schema/bands.json
/baseScenario/_oneOf/1/map/stacItem/_oneOf/1/_else/properties/bands/title		https://schemas.stacspec.org/v1.1.0/item-spec/json-schema/basics.json
/baseScenario/_oneOf/1/map/stacItem/_oneOf/1/_else/properties/bands/description		https://schemas.stacspec.org/v1.1.0/item-spec/json-schema/basics.json
/baseScenario/_oneOf/1/map/stacItem/_oneOf/1/_else/properties/bands/keywords		https://schemas.stacspec.org/v1.1.0/item-spec/json-schema/basics.json
/baseScenario/_oneOf/1/map/stacItem/_oneOf/1/_else/properties/bands/roles		https://schemas.stacspec.org/v1.1.0/item-spec/json-schema/basics.json
/baseScenario/_oneOf/1/map/stacItem/_oneOf/1/_else/properties/bands/bands		https://schemas.stacspec.org/v1.1.0/item-spec/json-schema/bands.json
/baseScenario/_oneOf/1/map/stacItem/_oneOf/1/_else/properties/bands/bands/name		https://schemas.stacspec.org/v1.1.0/item-spec/json-schema/bands.json
/baseScenario/_oneOf/1/map/stacItem/_oneOf/1/_else/properties/bands/datetime		https://schemas.stacspec.org/v1.1.0/item-spec/json-schema/datetime.json
/baseScenario/_oneOf/1/map/stacItem/_oneOf/1/_else/properties/bands/start_datetime		https://schemas.stacspec.org/v1.1.0/item-spec/json-schema/datetime.json
/baseScenario/_oneOf/1/map/stacItem/_oneOf/1/_else/properties/bands/end_datetime		https://schemas.stacspec.org/v1.1.0/item-spec/json-schema/datetime.json
/baseScenario/_oneOf/1/map/stacItem/_oneOf/1/_else/properties/bands/created		https://schemas.stacspec.org/v1.1.0/item-spec/json-schema/datetime.json
/baseScenario/_oneOf/1/map/stacItem/_oneOf/1/_else/properties/bands/updated		https://schemas.stacspec.org/v1.1.0/item-spec/json-schema/datetime.json
/baseScenario/_oneOf/1/map/stacItem/_oneOf/1/_else/properties/bands/data_type		https://schemas.stacspec.org/v1.1.0/item-spec/json-schema/data-values.json
/baseScenario/_oneOf/1/map/stacItem/_oneOf/1/_else/properties/bands/nodata		https://schemas.stacspec.org/v1.1.0/item-spec/json-schema/data-values.json
/baseScenario/_oneOf/1/map/stacItem/_oneOf/1/_else/properties/bands/statistics		https://schemas.stacspec.org/v1.1.0/item-spec/json-schema/data-values.json
/baseScenario/_oneOf/1/map/stacItem/_oneOf/1/_else/properties/bands/statistics/minimum		https://schemas.stacspec.org/v1.1.0/item-spec/json-schema/data-values.json
/baseScenario/_oneOf/1/map/stacItem/_oneOf/1/_else/properties/bands/statistics/maximum		https://schemas.stacspec.org/v1.1.0/item-spec/json-schema/data-values.json
/baseScenario/_oneOf/1/map/stacItem/_oneOf/1/_else/properties/bands/statistics/mean		https://schemas.stacspec.org/v1.1.0/item-spec/json-schema/data-values.json
/baseScenario/_oneOf/1/map/stacItem/_oneOf/1/_else/properties/bands/statistics/stddev		https://schemas.stacspec.org/v1.1.0/item-spec/json-schema/data-values.json
/baseScenario/_oneOf/1/map/stacItem/_oneOf/1/_else/properties/bands/statistics/count		https://schemas.stacspec.org/v1.1.0/item-spec/json-schema/data-values.json
/baseScenario/_oneOf/1/map/stacItem/_oneOf/1/_else/properties/bands/statistics/valid_percent		https://schemas.stacspec.org/v1.1.0/item-spec/json-schema/data-values.json
/baseScenario/_oneOf/1/map/stacItem/_oneOf/1/_else/properties/bands/unit		https://schemas.stacspec.org/v1.1.0/item-spec/json-schema/data-values.json
/baseScenario/_oneOf/1/map/stacItem/_oneOf/1/_else/properties/bands/platform		https://schemas.stacspec.org/v1.1.0/item-spec/json-schema/instrument.json
/baseScenario/_oneOf/1/map/stacItem/_oneOf/1/_else/properties/bands/instruments		https://schemas.stacspec.org/v1.1.0/item-spec/json-schema/instrument.json
/baseScenario/_oneOf/1/map/stacItem/_oneOf/1/_else/properties/bands/constellation		https://schemas.stacspec.org/v1.1.0/item-spec/json-schema/instrument.json
/baseScenario/_oneOf/1/map/stacItem/_oneOf/1/_else/properties/bands/mission		https://schemas.stacspec.org/v1.1.0/item-spec/json-schema/instrument.json
/baseScenario/_oneOf/1/map/stacItem/_oneOf/1/_else/properties/bands/gsd		https://schemas.stacspec.org/v1.1.0/item-spec/json-schema/instrument.json
/baseScenario/_oneOf/1/map/stacItem/_oneOf/1/_else/properties/bands/license		https://schemas.stacspec.org/v1.1.0/item-spec/json-schema/licensing.json
/baseScenario/_oneOf/1/map/stacItem/_oneOf/1/_else/properties/bands/providers		https://schemas.stacspec.org/v1.1.0/item-spec/json-schema/provider.json
/baseScenario/_oneOf/1/map/stacItem/_oneOf/1/_else/properties/bands/providers/name		https://schemas.stacspec.org/v1.1.0/item-spec/json-schema/provider.json
/baseScenario/_oneOf/1/map/stacItem/_oneOf/1/_else/properties/bands/providers/description		https://schemas.stacspec.org/v1.1.0/item-spec/json-schema/provider.json
/baseScenario/_oneOf/1/map/stacItem/_oneOf/1/_else/properties/bands/providers/roles		https://schemas.stacspec.org/v1.1.0/item-spec/json-schema/provider.json
/baseScenario/_oneOf/1/map/stacItem/_oneOf/1/_else/properties/bands/providers/url		https://schemas.stacspec.org/v1.1.0/item-spec/json-schema/provider.json
/baseScenario/_oneOf/1/map/stacItem/_oneOf/1/_else/properties/bands/name		https://raw.githubusercontent.com/radiantearth/stac-spec/master/item-spec/json-schema/bands.json
/baseScenario/_oneOf/1/map/stacItem/_oneOf/1/stac_extensions	https://w3id.org/ogc/stac/core/hasExtension	https://ogcincubator.github.io/bblocks-stac/build/annotated/contrib/stac/item/schema.yaml
/baseScenario/_oneOf/1/map/stacItem/_oneOf/1/links/_then/href		https://ogcincubator.github.io/bblocks-stac/build/annotated/contrib/stac/item/schema.yaml
/baseScenario/_oneOf/1/map/stacItem/_oneOf/1/links/method		https://ogcincubator.github.io/bblocks-stac/build/annotated/contrib/stac/item/schema.yaml
/baseScenario/_oneOf/1/map/stacItem/_oneOf/1/links/headers		https://ogcincubator.github.io/bblocks-stac/build/annotated/contrib/stac/item/schema.yaml
/baseScenario/_oneOf/1/map/stacItem/_oneOf/1/links/body		https://ogcincubator.github.io/bblocks-stac/build/annotated/contrib/stac/item/schema.yaml
/baseScenario/_oneOf/1/map/stacItem/_oneOf/1/properties/_anyOf/0/datetime	http://purl.org/dc/terms/date	https://ogcincubator.github.io/bblocks-stac/build/annotated/contrib/stac/item/schema.yaml
/baseScenario/_oneOf/1/map/stacItem/_oneOf/1/assets	https://w3id.org/ogc/stac/core/hasAsset	https://ogcincubator.github.io/bblocks-stac/build/annotated/contrib/stac/components/assets/schema.yaml
/baseScenario/_oneOf/1/map/stacItem/_oneOf/1/assets/href		https://ogcincubator.github.io/bblocks-stac/build/annotated/contrib/stac/components/assets/schema.yaml
/baseScenario/_oneOf/1/map/stacItem/_oneOf/1/assets/title		https://ogcincubator.github.io/bblocks-stac/build/annotated/contrib/stac/components/assets/schema.yaml
/baseScenario/_oneOf/1/map/stacItem/_oneOf/1/assets/description		https://ogcincubator.github.io/bblocks-stac/build/annotated/contrib/stac/components/assets/schema.yaml
/baseScenario/_oneOf/1/map/stacItem/_oneOf/1/assets/type		https://ogcincubator.github.io/bblocks-stac/build/annotated/contrib/stac/components/assets/schema.yaml
/baseScenario/_oneOf/1/map/stacItem/_oneOf/1/assets/roles		https://ogcincubator.github.io/bblocks-stac/build/annotated/contrib/stac/components/assets/schema.yaml
/baseScenario/_oneOf/1/map/stacCollection	https://w3id.org/ogc/stac/Collection	https://ogcincubator.github.io/bblocks-seadots/build/annotated/hosted/seadots/poseidon-input-map/schema.yaml
/baseScenario/_oneOf/1/map/stacCollection/_oneOf/1/stac_extensions	https://w3id.org/ogc/stac/core/hasExtension	https://ogcincubator.github.io/bblocks-stac/build/annotated/contrib/stac/collection/schema.yaml
/baseScenario/_oneOf/1/map/stacCollection/_oneOf/1/type	@type	https://ogcincubator.github.io/bblocks-stac/build/annotated/contrib/stac/collection/schema.yaml
/baseScenario/_oneOf/1/map/stacCollection/_oneOf/1/id	@id	https://ogcincubator.github.io/bblocks-stac/build/annotated/contrib/stac/collection/schema.yaml
/baseScenario/_oneOf/1/map/stacCollection/_oneOf/1/extent	http://purl.org/dc/terms/extent	https://ogcincubator.github.io/bblocks-stac/build/annotated/contrib/stac/collection/schema.yaml
/baseScenario/_oneOf/1/map/stacCollection/_oneOf/1/extent/spatial		https://ogcincubator.github.io/bblocks-stac/build/annotated/contrib/stac/collection/schema.yaml
/baseScenario/_oneOf/1/map/stacCollection/_oneOf/1/extent/spatial/bbox		https://ogcincubator.github.io/bblocks-stac/build/annotated/contrib/stac/collection/schema.yaml
/baseScenario/_oneOf/1/map/stacCollection/_oneOf/1/extent/temporal		https://ogcincubator.github.io/bblocks-stac/build/annotated/contrib/stac/collection/schema.yaml
/baseScenario/_oneOf/1/map/stacCollection/_oneOf/1/extent/temporal/interval		https://ogcincubator.github.io/bblocks-stac/build/annotated/contrib/stac/collection/schema.yaml
/baseScenario/_oneOf/1/map/stacCollection/_oneOf/1/item_assets		https://ogcincubator.github.io/bblocks-stac/build/annotated/contrib/stac/collection/schema.yaml
/baseScenario/_oneOf/1/map/stacCollection/_oneOf/1/item_assets/href		https://ogcincubator.github.io/bblocks-stac/build/annotated/contrib/stac/collection/schema.yaml
/baseScenario/_oneOf/1/map/stacCollection/_oneOf/1/item_assets/title	http://purl.org/dc/terms/title	https://ogcincubator.github.io/bblocks-stac/build/annotated/contrib/stac/collection/schema.yaml
/baseScenario/_oneOf/1/map/stacCollection/_oneOf/1/item_assets/description	http://purl.org/dc/terms/description	https://ogcincubator.github.io/bblocks-stac/build/annotated/contrib/stac/collection/schema.yaml
/baseScenario/_oneOf/1/map/stacCollection/_oneOf/1/item_assets/type	@type	https://ogcincubator.github.io/bblocks-stac/build/annotated/contrib/stac/collection/schema.yaml
/baseScenario/_oneOf/1/map/stacCollection/_oneOf/1/item_assets/roles		https://ogcincubator.github.io/bblocks-stac/build/annotated/contrib/stac/collection/schema.yaml
/baseScenario/_oneOf/1/map/stacCollection/_oneOf/1/links	http://www.w3.org/2000/01/rdf-schema#seeAlso	https://ogcincubator.github.io/bblocks-stac/build/annotated/contrib/stac/collection/schema.yaml
/baseScenario/_oneOf/1/map/stacCollection/_oneOf/1/summaries		https://ogcincubator.github.io/bblocks-stac/build/annotated/contrib/stac/collection/schema.yaml
/baseScenario/_oneOf/1/map/stacCollection/_oneOf/1/summaries/_anyOf/0/$id		http://json-schema.org/draft-07/schema
/baseScenario/_oneOf/1/map/stacCollection/_oneOf/1/summaries/_anyOf/0/$schema		http://json-schema.org/draft-07/schema
/baseScenario/_oneOf/1/map/stacCollection/_oneOf/1/summaries/_anyOf/0/$ref		http://json-schema.org/draft-07/schema
/baseScenario/_oneOf/1/map/stacCollection/_oneOf/1/summaries/_anyOf/0/$comment		http://json-schema.org/draft-07/schema
/baseScenario/_oneOf/1/map/stacCollection/_oneOf/1/summaries/_anyOf/0/title		http://json-schema.org/draft-07/schema
/baseScenario/_oneOf/1/map/stacCollection/_oneOf/1/summaries/_anyOf/0/description		http://json-schema.org/draft-07/schema
/baseScenario/_oneOf/1/map/stacCollection/_oneOf/1/summaries/_anyOf/0/default		http://json-schema.org/draft-07/schema
/baseScenario/_oneOf/1/map/stacCollection/_oneOf/1/summaries/_anyOf/0/readOnly		http://json-schema.org/draft-07/schema
/baseScenario/_oneOf/1/map/stacCollection/_oneOf/1/summaries/_anyOf/0/writeOnly		http://json-schema.org/draft-07/schema
/baseScenario/_oneOf/1/map/stacCollection/_oneOf/1/summaries/_anyOf/0/examples		http://json-schema.org/draft-07/schema
/baseScenario/_oneOf/1/map/stacCollection/_oneOf/1/summaries/_anyOf/0/multipleOf		http://json-schema.org/draft-07/schema
/baseScenario/_oneOf/1/map/stacCollection/_oneOf/1/summaries/_anyOf/0/maximum		http://json-schema.org/draft-07/schema
/baseScenario/_oneOf/1/map/stacCollection/_oneOf/1/summaries/_anyOf/0/exclusiveMaximum		http://json-schema.org/draft-07/schema
/baseScenario/_oneOf/1/map/stacCollection/_oneOf/1/summaries/_anyOf/0/minimum		http://json-schema.org/draft-07/schema
/baseScenario/_oneOf/1/map/stacCollection/_oneOf/1/summaries/_anyOf/0/exclusiveMinimum		http://json-schema.org/draft-07/schema
/baseScenario/_oneOf/1/map/stacCollection/_oneOf/1/summaries/_anyOf/0/maxLength		http://json-schema.org/draft-07/schema
/baseScenario/_oneOf/1/map/stacCollection/_oneOf/1/summaries/_anyOf/0/minLength		http://json-schema.org/draft-07/schema
/baseScenario/_oneOf/1/map/stacCollection/_oneOf/1/summaries/_anyOf/0/pattern		http://json-schema.org/draft-07/schema
/baseScenario/_oneOf/1/map/stacCollection/_oneOf/1/summaries/_anyOf/0/additionalItems		http://json-schema.org/draft-07/schema
/baseScenario/_oneOf/1/map/stacCollection/_oneOf/1/summaries/_anyOf/0/items		http://json-schema.org/draft-07/schema
/baseScenario/_oneOf/1/map/stacCollection/_oneOf/1/summaries/_anyOf/0/maxItems		http://json-schema.org/draft-07/schema
/baseScenario/_oneOf/1/map/stacCollection/_oneOf/1/summaries/_anyOf/0/minItems		http://json-schema.org/draft-07/schema
/baseScenario/_oneOf/1/map/stacCollection/_oneOf/1/summaries/_anyOf/0/uniqueItems		http://json-schema.org/draft-07/schema
/baseScenario/_oneOf/1/map/stacCollection/_oneOf/1/summaries/_anyOf/0/contains		http://json-schema.org/draft-07/schema
/baseScenario/_oneOf/1/map/stacCollection/_oneOf/1/summaries/_anyOf/0/maxProperties		http://json-schema.org/draft-07/schema
/baseScenario/_oneOf/1/map/stacCollection/_oneOf/1/summaries/_anyOf/0/minProperties		http://json-schema.org/draft-07/schema
/baseScenario/_oneOf/1/map/stacCollection/_oneOf/1/summaries/_anyOf/0/required		http://json-schema.org/draft-07/schema
/baseScenario/_oneOf/1/map/stacCollection/_oneOf/1/summaries/_anyOf/0/additionalProperties		http://json-schema.org/draft-07/schema
/baseScenario/_oneOf/1/map/stacCollection/_oneOf/1/summaries/_anyOf/0/definitions		http://json-schema.org/draft-07/schema
/baseScenario/_oneOf/1/map/stacCollection/_oneOf/1/summaries/_anyOf/0/properties		http://json-schema.org/draft-07/schema
/baseScenario/_oneOf/1/map/stacCollection/_oneOf/1/summaries/_anyOf/0/patternProperties		http://json-schema.org/draft-07/schema
/baseScenario/_oneOf/1/map/stacCollection/_oneOf/1/summaries/_anyOf/0/dependencies		http://json-schema.org/draft-07/schema
/baseScenario/_oneOf/1/map/stacCollection/_oneOf/1/summaries/_anyOf/0/propertyNames		http://json-schema.org/draft-07/schema
/baseScenario/_oneOf/1/map/stacCollection/_oneOf/1/summaries/_anyOf/0/const		http://json-schema.org/draft-07/schema
/baseScenario/_oneOf/1/map/stacCollection/_oneOf/1/summaries/_anyOf/0/enum		http://json-schema.org/draft-07/schema
/baseScenario/_oneOf/1/map/stacCollection/_oneOf/1/summaries/_anyOf/0/type		http://json-schema.org/draft-07/schema
/baseScenario/_oneOf/1/map/stacCollection/_oneOf/1/summaries/_anyOf/0/format		http://json-schema.org/draft-07/schema
/baseScenario/_oneOf/1/map/stacCollection/_oneOf/1/summaries/_anyOf/0/contentMediaType		http://json-schema.org/draft-07/schema
/baseScenario/_oneOf/1/map/stacCollection/_oneOf/1/summaries/_anyOf/0/contentEncoding		http://json-schema.org/draft-07/schema
/baseScenario/_oneOf/1/map/stacCollection/_oneOf/1/summaries/_anyOf/0/if		http://json-schema.org/draft-07/schema
/baseScenario/_oneOf/1/map/stacCollection/_oneOf/1/summaries/_anyOf/0/then		http://json-schema.org/draft-07/schema
/baseScenario/_oneOf/1/map/stacCollection/_oneOf/1/summaries/_anyOf/0/else		http://json-schema.org/draft-07/schema
/baseScenario/_oneOf/1/map/stacCollection/_oneOf/1/summaries/_anyOf/0/allOf		http://json-schema.org/draft-07/schema
/baseScenario/_oneOf/1/map/stacCollection/_oneOf/1/summaries/_anyOf/0/anyOf		http://json-schema.org/draft-07/schema
/baseScenario/_oneOf/1/map/stacCollection/_oneOf/1/summaries/_anyOf/0/oneOf		http://json-schema.org/draft-07/schema
/baseScenario/_oneOf/1/map/stacCollection/_oneOf/1/summaries/_anyOf/0/not		http://json-schema.org/draft-07/schema
/baseScenario/_oneOf/1/map/stacCollection/_oneOf/1/summaries/_anyOf/1/minimum		https://ogcincubator.github.io/bblocks-stac/build/annotated/contrib/stac/collection/schema.yaml
/baseScenario/_oneOf/1/map/stacCollection/_oneOf/1/summaries/_anyOf/1/maximum		https://ogcincubator.github.io/bblocks-stac/build/annotated/contrib/stac/collection/schema.yaml
/baseScenario/_oneOf/1/map/cellSizeInKilometers		https://ogcincubator.github.io/bblocks-seadots/build/annotated/hosted/seadots/poseidon-input-map/schema.yaml
/baseScenario/_oneOf/1/map/gridWidthInCell		https://ogcincubator.github.io/bblocks-seadots/build/annotated/hosted/seadots/poseidon-input-map/schema.yaml
/baseScenario/_oneOf/1/map/width		https://ogcincubator.github.io/bblocks-seadots/build/annotated/hosted/seadots/poseidon-input-map/schema.yaml
/baseScenario/_oneOf/1/map/height		https://ogcincubator.github.io/bblocks-seadots/build/annotated/hosted/seadots/poseidon-input-map/schema.yaml
/baseScenario/_oneOf/1/map/header		https://ogcincubator.github.io/bblocks-seadots/build/annotated/hosted/seadots/poseidon-input-map/schema.yaml
/baseScenario/_oneOf/1/map/latLong		https://ogcincubator.github.io/bblocks-seadots/build/annotated/hosted/seadots/poseidon-input-map/schema.yaml
/baseScenario/_oneOf/1/map/mapPaddingInDegrees		https://ogcincubator.github.io/bblocks-seadots/build/annotated/hosted/seadots/poseidon-input-map/schema.yaml
/baseScenario/_oneOf/1/map/minInitialDepth		https://ogcincubator.github.io/bblocks-seadots/build/annotated/hosted/seadots/poseidon-input-map/schema.yaml
/baseScenario/_oneOf/1/map/maxInitialDepth		https://ogcincubator.github.io/bblocks-seadots/build/annotated/hosted/seadots/poseidon-input-map/schema.yaml
/baseScenario/_oneOf/1/map/lowRightEasting		https://ogcincubator.github.io/bblocks-seadots/build/annotated/hosted/seadots/poseidon-input-map/schema.yaml
/baseScenario/_oneOf/1/map/lowRightNorthing		https://ogcincubator.github.io/bblocks-seadots/build/annotated/hosted/seadots/poseidon-input-map/schema.yaml
/baseScenario/_oneOf/1/map/upLeftEasting		https://ogcincubator.github.io/bblocks-seadots/build/annotated/hosted/seadots/poseidon-input-map/schema.yaml
/baseScenario/_oneOf/1/map/upLeftNorthing		https://ogcincubator.github.io/bblocks-seadots/build/annotated/hosted/seadots/poseidon-input-map/schema.yaml
/baseScenario/_oneOf/1/map/depthOverrides		https://ogcincubator.github.io/bblocks-seadots/build/annotated/hosted/seadots/poseidon-input-map/schema.yaml
/baseScenario/_oneOf/1/map/farOffPorts		https://ogcincubator.github.io/bblocks-seadots/build/annotated/hosted/seadots/poseidon-input-map/schema.yaml
/baseScenario/_oneOf/1/biology	http://www.w3.org/ns/prov#used	https://ogcincubator.github.io/bblocks-seadots/build/annotated/hosted/seadots/poseidon-input-scenario/schema.yaml
/baseScenario/_oneOf/1/biology/initializerType		https://ogcincubator.github.io/bblocks-seadots/build/annotated/hosted/seadots/poseidon-input-biology/schema.yaml
/baseScenario/_oneOf/1/biology/species	https://schema.org/about	https://ogcincubator.github.io/bblocks-seadots/build/annotated/hosted/seadots/poseidon-input-biology/schema.yaml
/baseScenario/_oneOf/1/biology/species/name	https://schema.org/name	https://ogcincubator.github.io/bblocks-seadots/build/annotated/hosted/seadots/poseidon-input-biology/schema.yaml
/baseScenario/_oneOf/1/biology/species/modelType		https://ogcincubator.github.io/bblocks-seadots/build/annotated/hosted/seadots/poseidon-input-biology/schema.yaml
/baseScenario/_oneOf/1/biology/species/carryingCapacity		https://ogcincubator.github.io/bblocks-seadots/build/annotated/hosted/seadots/poseidon-input-biology/schema.yaml
/baseScenario/_oneOf/1/biology/species/initialBiomass		https://ogcincubator.github.io/bblocks-seadots/build/annotated/hosted/seadots/poseidon-input-biology/schema.yaml
/baseScenario/_oneOf/1/biology/species/virginBiomass		https://ogcincubator.github.io/bblocks-seadots/build/annotated/hosted/seadots/poseidon-input-biology/schema.yaml
/baseScenario/_oneOf/1/biology/species/growth		https://ogcincubator.github.io/bblocks-seadots/build/annotated/hosted/seadots/poseidon-input-biology/schema.yaml
/baseScenario/_oneOf/1/biology/species/recruitment		https://ogcincubator.github.io/bblocks-seadots/build/annotated/hosted/seadots/poseidon-input-biology/schema.yaml
/baseScenario/_oneOf/1/biology/species/mortality		https://ogcincubator.github.io/bblocks-seadots/build/annotated/hosted/seadots/poseidon-input-biology/schema.yaml
/baseScenario/_oneOf/1/biology/species/meristics		https://ogcincubator.github.io/bblocks-seadots/build/annotated/hosted/seadots/poseidon-input-biology/schema.yaml
/baseScenario/_oneOf/1/biology/species/diffusion		https://ogcincubator.github.io/bblocks-seadots/build/annotated/hosted/seadots/poseidon-input-biology/schema.yaml
/baseScenario/_oneOf/1/biology/species/dataFiles	https://schema.org/encoding	https://ogcincubator.github.io/bblocks-seadots/build/annotated/hosted/seadots/poseidon-input-biology/schema.yaml
/baseScenario/_oneOf/1/biology/osmoseConfigurationFile		https://ogcincubator.github.io/bblocks-seadots/build/annotated/hosted/seadots/poseidon-input-biology/schema.yaml
/baseScenario/_oneOf/1/biology/preInitializedConfigurationDirectory		https://ogcincubator.github.io/bblocks-seadots/build/annotated/hosted/seadots/poseidon-input-biology/schema.yaml
/baseScenario/_oneOf/1/biology/schaeferParamsFile		https://ogcincubator.github.io/bblocks-seadots/build/annotated/hosted/seadots/poseidon-input-biology/schema.yaml
/baseScenario/_oneOf/1/biology/binsFilePath		https://ogcincubator.github.io/bblocks-seadots/build/annotated/hosted/seadots/poseidon-input-biology/schema.yaml
/baseScenario/_oneOf/1/biology/stacItems	https://w3id.org/ogc/stac/Item	https://ogcincubator.github.io/bblocks-seadots/build/annotated/hosted/seadots/poseidon-input-biology/schema.yaml
/baseScenario/_oneOf/1/fleet	http://www.w3.org/ns/prov#used	https://ogcincubator.github.io/bblocks-seadots/build/annotated/hosted/seadots/poseidon-input-scenario/schema.yaml
/baseScenario/_oneOf/1/fleet/fishers	https://schema.org/agent	https://ogcincubator.github.io/bblocks-seadots/build/annotated/hosted/seadots/poseidon-input-fleet/schema.yaml
/baseScenario/_oneOf/1/fleet/fishers/name	https://schema.org/name	https://ogcincubator.github.io/bblocks-seadots/build/annotated/hosted/seadots/poseidon-input-fleet/schema.yaml
/baseScenario/_oneOf/1/fleet/fishers/count		https://ogcincubator.github.io/bblocks-seadots/build/annotated/hosted/seadots/poseidon-input-fleet/schema.yaml
/baseScenario/_oneOf/1/fleet/fishers/homePort	https://schema.org/homeLocation	https://ogcincubator.github.io/bblocks-seadots/build/annotated/hosted/seadots/poseidon-input-fleet/schema.yaml
/baseScenario/_oneOf/1/fleet/fishers/vessel		https://ogcincubator.github.io/bblocks-seadots/build/annotated/hosted/seadots/poseidon-input-fleet/schema.yaml
/baseScenario/_oneOf/1/fleet/fishers/gear		https://ogcincubator.github.io/bblocks-seadots/build/annotated/hosted/seadots/poseidon-input-fleet/schema.yaml
/baseScenario/_oneOf/1/fleet/fishers/gear/type		https://ogcincubator.github.io/bblocks-seadots/build/annotated/hosted/seadots/poseidon-input-fleet/schema.yaml
/baseScenario/_oneOf/1/fleet/fishers/departingStrategy		https://ogcincubator.github.io/bblocks-seadots/build/annotated/hosted/seadots/poseidon-input-fleet/schema.yaml
/baseScenario/_oneOf/1/fleet/fishers/destinationStrategy		https://ogcincubator.github.io/bblocks-seadots/build/annotated/hosted/seadots/poseidon-input-fleet/schema.yaml
/baseScenario/_oneOf/1/fleet/fishers/fishingStrategy		https://ogcincubator.github.io/bblocks-seadots/build/annotated/hosted/seadots/poseidon-input-fleet/schema.yaml
/baseScenario/_oneOf/1/fleet/fishers/gearStrategy		https://ogcincubator.github.io/bblocks-seadots/build/annotated/hosted/seadots/poseidon-input-fleet/schema.yaml
/baseScenario/_oneOf/1/fleet/fishers/discardingStrategy		https://ogcincubator.github.io/bblocks-seadots/build/annotated/hosted/seadots/poseidon-input-fleet/schema.yaml
/baseScenario/_oneOf/1/fleet/fishers/adaptation		https://ogcincubator.github.io/bblocks-seadots/build/annotated/hosted/seadots/poseidon-input-fleet/schema.yaml
/baseScenario/_oneOf/1/fleet/fishers/logbook		https://ogcincubator.github.io/bblocks-seadots/build/annotated/hosted/seadots/poseidon-input-fleet/schema.yaml
/baseScenario/_oneOf/1/fleet/socialNetwork		https://ogcincubator.github.io/bblocks-seadots/build/annotated/hosted/seadots/poseidon-input-fleet/schema.yaml
/baseScenario/_oneOf/1/portsAndMarkets	http://www.w3.org/ns/prov#used	https://ogcincubator.github.io/bblocks-seadots/build/annotated/hosted/seadots/poseidon-input-scenario/schema.yaml
/baseScenario/_oneOf/1/portsAndMarkets/portInitializerType		https://ogcincubator.github.io/bblocks-seadots/build/annotated/hosted/seadots/poseidon-input-port-market/schema.yaml
/baseScenario/_oneOf/1/portsAndMarkets/ports	https://schema.org/location	https://ogcincubator.github.io/bblocks-seadots/build/annotated/hosted/seadots/poseidon-input-port-market/schema.yaml
/baseScenario/_oneOf/1/portsAndMarkets/ports/name	https://schema.org/name	https://ogcincubator.github.io/bblocks-seadots/build/annotated/hosted/seadots/poseidon-input-port-market/schema.yaml
/baseScenario/_oneOf/1/portsAndMarkets/ports/x		https://ogcincubator.github.io/bblocks-seadots/build/annotated/hosted/seadots/poseidon-input-port-market/schema.yaml
/baseScenario/_oneOf/1/portsAndMarkets/ports/y		https://ogcincubator.github.io/bblocks-seadots/build/annotated/hosted/seadots/poseidon-input-port-market/schema.yaml
/baseScenario/_oneOf/1/portsAndMarkets/ports/longitude	https://schema.org/longitude	https://ogcincubator.github.io/bblocks-seadots/build/annotated/hosted/seadots/poseidon-input-port-market/schema.yaml
/baseScenario/_oneOf/1/portsAndMarkets/ports/latitude	https://schema.org/latitude	https://ogcincubator.github.io/bblocks-seadots/build/annotated/hosted/seadots/poseidon-input-port-market/schema.yaml
/baseScenario/_oneOf/1/portsAndMarkets/ports/usingGridCoordinates		https://ogcincubator.github.io/bblocks-seadots/build/annotated/hosted/seadots/poseidon-input-port-market/schema.yaml
/baseScenario/_oneOf/1/portsAndMarkets/market	https://schema.org/offers	https://ogcincubator.github.io/bblocks-seadots/build/annotated/hosted/seadots/poseidon-input-port-market/schema.yaml
/baseScenario/_oneOf/1/portsAndMarkets/market/type		https://ogcincubator.github.io/bblocks-seadots/build/annotated/hosted/seadots/poseidon-input-port-market/schema.yaml
/baseScenario/_oneOf/1/portsAndMarkets/market/priceBySpecies		https://ogcincubator.github.io/bblocks-seadots/build/annotated/hosted/seadots/poseidon-input-port-market/schema.yaml
/baseScenario/_oneOf/1/portsAndMarkets/market/priceFile		https://ogcincubator.github.io/bblocks-seadots/build/annotated/hosted/seadots/poseidon-input-port-market/schema.yaml
/baseScenario/_oneOf/1/portsAndMarkets/fuel		https://ogcincubator.github.io/bblocks-seadots/build/annotated/hosted/seadots/poseidon-input-port-market/schema.yaml
/baseScenario/_oneOf/1/portsAndMarkets/fuel/gasPriceMaker		https://ogcincubator.github.io/bblocks-seadots/build/annotated/hosted/seadots/poseidon-input-port-market/schema.yaml
/baseScenario/_oneOf/1/portsAndMarkets/fuel/fuelPrice		https://ogcincubator.github.io/bblocks-seadots/build/annotated/hosted/seadots/poseidon-input-port-market/schema.yaml
/baseScenario/_oneOf/1/portsAndMarkets/fuel/fuelPriceFile		https://ogcincubator.github.io/bblocks-seadots/build/annotated/hosted/seadots/poseidon-input-port-market/schema.yaml
/baseScenario/_oneOf/1/regulations	http://www.w3.org/ns/prov#used	https://ogcincubator.github.io/bblocks-seadots/build/annotated/hosted/seadots/poseidon-input-scenario/schema.yaml
/baseScenario/_oneOf/1/regulations/regulations	https://schema.org/legislation	https://ogcincubator.github.io/bblocks-seadots/build/annotated/hosted/seadots/poseidon-input-regulation-policy/schema.yaml
/baseScenario/_oneOf/1/regulations/regulations/type		https://ogcincubator.github.io/bblocks-seadots/build/annotated/hosted/seadots/poseidon-input-regulation-policy/schema.yaml
/baseScenario/_oneOf/1/regulations/regulations/startDay		https://ogcincubator.github.io/bblocks-seadots/build/annotated/hosted/seadots/poseidon-input-regulation-policy/schema.yaml
/baseScenario/_oneOf/1/regulations/regulations/endDay		https://ogcincubator.github.io/bblocks-seadots/build/annotated/hosted/seadots/poseidon-input-regulation-policy/schema.yaml
/baseScenario/_oneOf/1/regulations/regulations/species	https://schema.org/about	https://ogcincubator.github.io/bblocks-seadots/build/annotated/hosted/seadots/poseidon-input-regulation-policy/schema.yaml
/baseScenario/_oneOf/1/regulations/regulations/areas		https://ogcincubator.github.io/bblocks-seadots/build/annotated/hosted/seadots/poseidon-input-regulation-policy/schema.yaml
/baseScenario/_oneOf/1/regulations/regulations/conditions		https://ogcincubator.github.io/bblocks-seadots/build/annotated/hosted/seadots/poseidon-input-regulation-policy/schema.yaml
/baseScenario/_oneOf/1/regulations/regulations/actions		https://ogcincubator.github.io/bblocks-seadots/build/annotated/hosted/seadots/poseidon-input-regulation-policy/schema.yaml
/baseScenario/_oneOf/1/regulations/shocks	https://schema.org/event	https://ogcincubator.github.io/bblocks-seadots/build/annotated/hosted/seadots/poseidon-input-regulation-policy/schema.yaml
/baseScenario/_oneOf/1/output	http://www.w3.org/ns/prov#used	https://ogcincubator.github.io/bblocks-seadots/build/annotated/hosted/seadots/poseidon-input-scenario/schema.yaml
/baseScenario/_oneOf/1/output/columns	https://schema.org/variableMeasured	https://ogcincubator.github.io/bblocks-seadots/build/annotated/hosted/seadots/poseidon-input-observation-output/schema.yaml
/baseScenario/_oneOf/1/output/cadence		https://ogcincubator.github.io/bblocks-seadots/build/annotated/hosted/seadots/poseidon-input-observation-output/schema.yaml
/baseScenario/_oneOf/1/output/loggers	https://schema.org/instrument	https://ogcincubator.github.io/bblocks-seadots/build/annotated/hosted/seadots/poseidon-input-observation-output/schema.yaml
/baseScenario/_oneOf/1/output/loggers/type		https://ogcincubator.github.io/bblocks-seadots/build/annotated/hosted/seadots/poseidon-input-observation-output/schema.yaml
/baseScenario/_oneOf/1/output/outputProducts	https://schema.org/result	https://ogcincubator.github.io/bblocks-seadots/build/annotated/hosted/seadots/poseidon-input-observation-output/schema.yaml
/baseScenario/_oneOf/1/output/outputProducts/_oneOf/1/_anyOf/0/_anyOf/0/_anyOf/1/type		https://geojson.org/schema/Feature.json
/baseScenario/_oneOf/1/output/outputProducts/_oneOf/1/_anyOf/0/_anyOf/0/_anyOf/1/id		https://geojson.org/schema/Feature.json
/baseScenario/_oneOf/1/output/outputProducts/_oneOf/1/_anyOf/0/_anyOf/0/_anyOf/1/properties		https://geojson.org/schema/Feature.json
/baseScenario/_oneOf/1/output/outputProducts/_oneOf/1/_anyOf/0/_anyOf/0/_anyOf/1/geometry		https://geojson.org/schema/Feature.json
/baseScenario/_oneOf/1/output/outputProducts/_oneOf/1/_anyOf/0/_anyOf/0/_anyOf/1/geometry/_oneOf/1/type		https://geojson.org/schema/Feature.json
/baseScenario/_oneOf/1/output/outputProducts/_oneOf/1/_anyOf/0/_anyOf/0/_anyOf/1/geometry/_oneOf/1/coordinates		https://geojson.org/schema/Feature.json
/baseScenario/_oneOf/1/output/outputProducts/_oneOf/1/_anyOf/0/_anyOf/0/_anyOf/1/geometry/_oneOf/1/bbox		https://geojson.org/schema/Feature.json
/baseScenario/_oneOf/1/output/outputProducts/_oneOf/1/_anyOf/0/_anyOf/0/_anyOf/1/geometry/_oneOf/2/type		https://geojson.org/schema/Feature.json
/baseScenario/_oneOf/1/output/outputProducts/_oneOf/1/_anyOf/0/_anyOf/0/_anyOf/1/geometry/_oneOf/2/coordinates		https://geojson.org/schema/Feature.json
/baseScenario/_oneOf/1/output/outputProducts/_oneOf/1/_anyOf/0/_anyOf/0/_anyOf/1/geometry/_oneOf/2/bbox		https://geojson.org/schema/Feature.json
/baseScenario/_oneOf/1/output/outputProducts/_oneOf/1/_anyOf/0/_anyOf/0/_anyOf/1/geometry/_oneOf/3/type		https://geojson.org/schema/Feature.json
/baseScenario/_oneOf/1/output/outputProducts/_oneOf/1/_anyOf/0/_anyOf/0/_anyOf/1/geometry/_oneOf/3/coordinates		https://geojson.org/schema/Feature.json
/baseScenario/_oneOf/1/output/outputProducts/_oneOf/1/_anyOf/0/_anyOf/0/_anyOf/1/geometry/_oneOf/3/bbox		https://geojson.org/schema/Feature.json
/baseScenario/_oneOf/1/output/outputProducts/_oneOf/1/_anyOf/0/_anyOf/0/_anyOf/1/geometry/_oneOf/4/type		https://geojson.org/schema/Feature.json
/baseScenario/_oneOf/1/output/outputProducts/_oneOf/1/_anyOf/0/_anyOf/0/_anyOf/1/geometry/_oneOf/4/coordinates		https://geojson.org/schema/Feature.json
/baseScenario/_oneOf/1/output/outputProducts/_oneOf/1/_anyOf/0/_anyOf/0/_anyOf/1/geometry/_oneOf/4/bbox		https://geojson.org/schema/Feature.json
/baseScenario/_oneOf/1/output/outputProducts/_oneOf/1/_anyOf/0/_anyOf/0/_anyOf/1/geometry/_oneOf/5/type		https://geojson.org/schema/Feature.json
/baseScenario/_oneOf/1/output/outputProducts/_oneOf/1/_anyOf/0/_anyOf/0/_anyOf/1/geometry/_oneOf/5/coordinates		https://geojson.org/schema/Feature.json
/baseScenario/_oneOf/1/output/outputProducts/_oneOf/1/_anyOf/0/_anyOf/0/_anyOf/1/geometry/_oneOf/5/bbox		https://geojson.org/schema/Feature.json
/baseScenario/_oneOf/1/output/outputProducts/_oneOf/1/_anyOf/0/_anyOf/0/_anyOf/1/geometry/_oneOf/6/type		https://geojson.org/schema/Feature.json
/baseScenario/_oneOf/1/output/outputProducts/_oneOf/1/_anyOf/0/_anyOf/0/_anyOf/1/geometry/_oneOf/6/coordinates		https://geojson.org/schema/Feature.json
/baseScenario/_oneOf/1/output/outputProducts/_oneOf/1/_anyOf/0/_anyOf/0/_anyOf/1/geometry/_oneOf/6/bbox		https://geojson.org/schema/Feature.json
/baseScenario/_oneOf/1/output/outputProducts/_oneOf/1/_anyOf/0/_anyOf/0/_anyOf/1/geometry/_oneOf/7/type		https://geojson.org/schema/Feature.json
/baseScenario/_oneOf/1/output/outputProducts/_oneOf/1/_anyOf/0/_anyOf/0/_anyOf/1/geometry/_oneOf/7/geometries		https://geojson.org/schema/Feature.json
/baseScenario/_oneOf/1/output/outputProducts/_oneOf/1/_anyOf/0/_anyOf/0/_anyOf/1/geometry/_oneOf/7/geometries/_oneOf/0/type		https://geojson.org/schema/Feature.json
/baseScenario/_oneOf/1/output/outputProducts/_oneOf/1/_anyOf/0/_anyOf/0/_anyOf/1/geometry/_oneOf/7/geometries/_oneOf/0/coordinates		https://geojson.org/schema/Feature.json
/baseScenario/_oneOf/1/output/outputProducts/_oneOf/1/_anyOf/0/_anyOf/0/_anyOf/1/geometry/_oneOf/7/geometries/_oneOf/0/bbox		https://geojson.org/schema/Feature.json
/baseScenario/_oneOf/1/output/outputProducts/_oneOf/1/_anyOf/0/_anyOf/0/_anyOf/1/geometry/_oneOf/7/geometries/_oneOf/1/type		https://geojson.org/schema/Feature.json
/baseScenario/_oneOf/1/output/outputProducts/_oneOf/1/_anyOf/0/_anyOf/0/_anyOf/1/geometry/_oneOf/7/geometries/_oneOf/1/coordinates		https://geojson.org/schema/Feature.json
/baseScenario/_oneOf/1/output/outputProducts/_oneOf/1/_anyOf/0/_anyOf/0/_anyOf/1/geometry/_oneOf/7/geometries/_oneOf/1/bbox		https://geojson.org/schema/Feature.json
/baseScenario/_oneOf/1/output/outputProducts/_oneOf/1/_anyOf/0/_anyOf/0/_anyOf/1/geometry/_oneOf/7/geometries/_oneOf/2/type		https://geojson.org/schema/Feature.json
/baseScenario/_oneOf/1/output/outputProducts/_oneOf/1/_anyOf/0/_anyOf/0/_anyOf/1/geometry/_oneOf/7/geometries/_oneOf/2/coordinates		https://geojson.org/schema/Feature.json
/baseScenario/_oneOf/1/output/outputProducts/_oneOf/1/_anyOf/0/_anyOf/0/_anyOf/1/geometry/_oneOf/7/geometries/_oneOf/2/bbox		https://geojson.org/schema/Feature.json
/baseScenario/_oneOf/1/output/outputProducts/_oneOf/1/_anyOf/0/_anyOf/0/_anyOf/1/geometry/_oneOf/7/geometries/_oneOf/3/type		https://geojson.org/schema/Feature.json
/baseScenario/_oneOf/1/output/outputProducts/_oneOf/1/_anyOf/0/_anyOf/0/_anyOf/1/geometry/_oneOf/7/geometries/_oneOf/3/coordinates		https://geojson.org/schema/Feature.json
/baseScenario/_oneOf/1/output/outputProducts/_oneOf/1/_anyOf/0/_anyOf/0/_anyOf/1/geometry/_oneOf/7/geometries/_oneOf/3/bbox		https://geojson.org/schema/Feature.json
/baseScenario/_oneOf/1/output/outputProducts/_oneOf/1/_anyOf/0/_anyOf/0/_anyOf/1/geometry/_oneOf/7/geometries/_oneOf/4/type		https://geojson.org/schema/Feature.json
/baseScenario/_oneOf/1/output/outputProducts/_oneOf/1/_anyOf/0/_anyOf/0/_anyOf/1/geometry/_oneOf/7/geometries/_oneOf/4/coordinates		https://geojson.org/schema/Feature.json
/baseScenario/_oneOf/1/output/outputProducts/_oneOf/1/_anyOf/0/_anyOf/0/_anyOf/1/geometry/_oneOf/7/geometries/_oneOf/4/bbox		https://geojson.org/schema/Feature.json
/baseScenario/_oneOf/1/output/outputProducts/_oneOf/1/_anyOf/0/_anyOf/0/_anyOf/1/geometry/_oneOf/7/geometries/_oneOf/5/type		https://geojson.org/schema/Feature.json
/baseScenario/_oneOf/1/output/outputProducts/_oneOf/1/_anyOf/0/_anyOf/0/_anyOf/1/geometry/_oneOf/7/geometries/_oneOf/5/coordinates		https://geojson.org/schema/Feature.json
/baseScenario/_oneOf/1/output/outputProducts/_oneOf/1/_anyOf/0/_anyOf/0/_anyOf/1/geometry/_oneOf/7/geometries/_oneOf/5/bbox		https://geojson.org/schema/Feature.json
/baseScenario/_oneOf/1/output/outputProducts/_oneOf/1/_anyOf/0/_anyOf/0/_anyOf/1/geometry/_oneOf/7/bbox		https://geojson.org/schema/Feature.json
/baseScenario/_oneOf/1/output/outputProducts/_oneOf/1/_anyOf/0/_anyOf/0/_anyOf/1/bbox		https://geojson.org/schema/Feature.json
/baseScenario/_oneOf/1/output/outputProducts/_oneOf/1/_anyOf/0/_anyOf/0/_anyOf/1/_oneOf/0/geometry		https://schemas.stacspec.org/v1.0.0/item-spec/json-schema/item.json
/baseScenario/_oneOf/1/output/outputProducts/_oneOf/1/_anyOf/0/_anyOf/0/_anyOf/1/_oneOf/0/bbox		https://schemas.stacspec.org/v1.0.0/item-spec/json-schema/item.json
/baseScenario/_oneOf/1/output/outputProducts/_oneOf/1/_anyOf/0/_anyOf/0/_anyOf/1/_oneOf/1/geometry		https://schemas.stacspec.org/v1.0.0/item-spec/json-schema/item.json
/baseScenario/_oneOf/1/output/outputProducts/_oneOf/1/_anyOf/0/_anyOf/0/_anyOf/1/_oneOf/1/bbox		https://schemas.stacspec.org/v1.0.0/item-spec/json-schema/item.json
/baseScenario/_oneOf/1/output/outputProducts/_oneOf/1/_anyOf/0/_anyOf/0/_anyOf/1/_then/collection		https://schemas.stacspec.org/v1.0.0/item-spec/json-schema/item.json
/baseScenario/_oneOf/1/output/outputProducts/_oneOf/1/_anyOf/0/_anyOf/0/_anyOf/1/_else/collection		https://schemas.stacspec.org/v1.0.0/item-spec/json-schema/item.json
/baseScenario/_oneOf/1/output/outputProducts/_oneOf/1/_anyOf/0/_anyOf/0/_anyOf/1/stac_version		https://schemas.stacspec.org/v1.0.0/item-spec/json-schema/item.json
/baseScenario/_oneOf/1/output/outputProducts/_oneOf/1/_anyOf/0/_anyOf/0/_anyOf/1/stac_extensions		https://schemas.stacspec.org/v1.0.0/item-spec/json-schema/item.json
/baseScenario/_oneOf/1/output/outputProducts/_oneOf/1/_anyOf/0/_anyOf/0/_anyOf/1/links		https://schemas.stacspec.org/v1.0.0/item-spec/json-schema/item.json
/baseScenario/_oneOf/1/output/outputProducts/_oneOf/1/_anyOf/0/_anyOf/0/_anyOf/1/links/href		https://schemas.stacspec.org/v1.0.0/item-spec/json-schema/item.json
/baseScenario/_oneOf/1/output/outputProducts/_oneOf/1/_anyOf/0/_anyOf/0/_anyOf/1/links/rel		https://schemas.stacspec.org/v1.0.0/item-spec/json-schema/item.json
/baseScenario/_oneOf/1/output/outputProducts/_oneOf/1/_anyOf/0/_anyOf/0/_anyOf/1/links/type		https://schemas.stacspec.org/v1.0.0/item-spec/json-schema/item.json
/baseScenario/_oneOf/1/output/outputProducts/_oneOf/1/_anyOf/0/_anyOf/0/_anyOf/1/links/title		https://schemas.stacspec.org/v1.0.0/item-spec/json-schema/item.json
/baseScenario/_oneOf/1/output/outputProducts/_oneOf/1/_anyOf/0/_anyOf/0/_anyOf/1/assets		https://schemas.stacspec.org/v1.0.0/item-spec/json-schema/item.json
/baseScenario/_oneOf/1/output/outputProducts/_oneOf/1/_anyOf/0/_anyOf/0/_anyOf/1/assets/href		https://schemas.stacspec.org/v1.0.0/item-spec/json-schema/item.json
/baseScenario/_oneOf/1/output/outputProducts/_oneOf/1/_anyOf/0/_anyOf/0/_anyOf/1/assets/title		https://schemas.stacspec.org/v1.0.0/item-spec/json-schema/item.json
/baseScenario/_oneOf/1/output/outputProducts/_oneOf/1/_anyOf/0/_anyOf/0/_anyOf/1/assets/description		https://schemas.stacspec.org/v1.0.0/item-spec/json-schema/item.json
/baseScenario/_oneOf/1/output/outputProducts/_oneOf/1/_anyOf/0/_anyOf/0/_anyOf/1/assets/type		https://schemas.stacspec.org/v1.0.0/item-spec/json-schema/item.json
/baseScenario/_oneOf/1/output/outputProducts/_oneOf/1/_anyOf/0/_anyOf/0/_anyOf/1/assets/roles		https://schemas.stacspec.org/v1.0.0/item-spec/json-schema/item.json
/baseScenario/_oneOf/1/output/outputProducts/_oneOf/1/_anyOf/0/_anyOf/0/_anyOf/1/assets/datetime		https://schemas.stacspec.org/v1.0.0/item-spec/json-schema/datetime.json
/baseScenario/_oneOf/1/output/outputProducts/_oneOf/1/_anyOf/0/_anyOf/0/_anyOf/1/assets/start_datetime		https://schemas.stacspec.org/v1.0.0/item-spec/json-schema/datetime.json
/baseScenario/_oneOf/1/output/outputProducts/_oneOf/1/_anyOf/0/_anyOf/0/_anyOf/1/assets/end_datetime		https://schemas.stacspec.org/v1.0.0/item-spec/json-schema/datetime.json
/baseScenario/_oneOf/1/output/outputProducts/_oneOf/1/_anyOf/0/_anyOf/0/_anyOf/1/assets/created		https://schemas.stacspec.org/v1.0.0/item-spec/json-schema/datetime.json
/baseScenario/_oneOf/1/output/outputProducts/_oneOf/1/_anyOf/0/_anyOf/0/_anyOf/1/assets/updated		https://schemas.stacspec.org/v1.0.0/item-spec/json-schema/datetime.json
/baseScenario/_oneOf/1/output/outputProducts/_oneOf/1/_anyOf/0/_anyOf/0/_anyOf/1/assets/platform		https://schemas.stacspec.org/v1.0.0/item-spec/json-schema/instrument.json
/baseScenario/_oneOf/1/output/outputProducts/_oneOf/1/_anyOf/0/_anyOf/0/_anyOf/1/assets/instruments		https://schemas.stacspec.org/v1.0.0/item-spec/json-schema/instrument.json
/baseScenario/_oneOf/1/output/outputProducts/_oneOf/1/_anyOf/0/_anyOf/0/_anyOf/1/assets/constellation		https://schemas.stacspec.org/v1.0.0/item-spec/json-schema/instrument.json
/baseScenario/_oneOf/1/output/outputProducts/_oneOf/1/_anyOf/0/_anyOf/0/_anyOf/1/assets/mission		https://schemas.stacspec.org/v1.0.0/item-spec/json-schema/instrument.json
/baseScenario/_oneOf/1/output/outputProducts/_oneOf/1/_anyOf/0/_anyOf/0/_anyOf/1/assets/gsd		https://schemas.stacspec.org/v1.0.0/item-spec/json-schema/instrument.json
/baseScenario/_oneOf/1/output/outputProducts/_oneOf/1/_anyOf/0/_anyOf/0/_anyOf/1/assets/license		https://schemas.stacspec.org/v1.0.0/item-spec/json-schema/licensing.json
/baseScenario/_oneOf/1/output/outputProducts/_oneOf/1/_anyOf/0/_anyOf/0/_anyOf/1/assets/providers		https://schemas.stacspec.org/v1.0.0/item-spec/json-schema/provider.json
/baseScenario/_oneOf/1/output/outputProducts/_oneOf/1/_anyOf/0/_anyOf/0/_anyOf/1/assets/providers/name		https://schemas.stacspec.org/v1.0.0/item-spec/json-schema/provider.json
/baseScenario/_oneOf/1/output/outputProducts/_oneOf/1/_anyOf/0/_anyOf/0/_anyOf/1/assets/providers/description		https://schemas.stacspec.org/v1.0.0/item-spec/json-schema/provider.json
/baseScenario/_oneOf/1/output/outputProducts/_oneOf/1/_anyOf/0/_anyOf/0/_anyOf/1/assets/providers/roles		https://schemas.stacspec.org/v1.0.0/item-spec/json-schema/provider.json
/baseScenario/_oneOf/1/output/outputProducts/_oneOf/1/_anyOf/0/_anyOf/0/_anyOf/1/assets/providers/url		https://schemas.stacspec.org/v1.0.0/item-spec/json-schema/provider.json
/baseScenario/_oneOf/1/output/outputProducts/_oneOf/1/_anyOf/0/_anyOf/0/_anyOf/1/properties/_anyOf/0/datetime		https://schemas.stacspec.org/v1.0.0/item-spec/json-schema/item.json
/baseScenario/_oneOf/1/output/outputProducts/_oneOf/1/_anyOf/0/_anyOf/1/_anyOf/1/stac_version		https://schemas.stacspec.org/v1.0.0/collection-spec/json-schema/collection.json
/baseScenario/_oneOf/1/output/outputProducts/_oneOf/1/_anyOf/0/_anyOf/1/_anyOf/1/stac_extensions		https://schemas.stacspec.org/v1.0.0/collection-spec/json-schema/collection.json
/baseScenario/_oneOf/1/output/outputProducts/_oneOf/1/_anyOf/0/_anyOf/1/_anyOf/1/type		https://schemas.stacspec.org/v1.0.0/collection-spec/json-schema/collection.json
/baseScenario/_oneOf/1/output/outputProducts/_oneOf/1/_anyOf/0/_anyOf/1/_anyOf/1/id		https://schemas.stacspec.org/v1.0.0/collection-spec/json-schema/collection.json
/baseScenario/_oneOf/1/output/outputProducts/_oneOf/1/_anyOf/0/_anyOf/1/_anyOf/1/title		https://schemas.stacspec.org/v1.0.0/collection-spec/json-schema/collection.json
/baseScenario/_oneOf/1/output/outputProducts/_oneOf/1/_anyOf/0/_anyOf/1/_anyOf/1/description		https://schemas.stacspec.org/v1.0.0/collection-spec/json-schema/collection.json
/baseScenario/_oneOf/1/output/outputProducts/_oneOf/1/_anyOf/0/_anyOf/1/_anyOf/1/keywords		https://schemas.stacspec.org/v1.0.0/collection-spec/json-schema/collection.json
/baseScenario/_oneOf/1/output/outputProducts/_oneOf/1/_anyOf/0/_anyOf/1/_anyOf/1/license		https://schemas.stacspec.org/v1.0.0/collection-spec/json-schema/collection.json
/baseScenario/_oneOf/1/output/outputProducts/_oneOf/1/_anyOf/0/_anyOf/1/_anyOf/1/providers		https://schemas.stacspec.org/v1.0.0/collection-spec/json-schema/collection.json
/baseScenario/_oneOf/1/output/outputProducts/_oneOf/1/_anyOf/0/_anyOf/1/_anyOf/1/providers/name		https://schemas.stacspec.org/v1.0.0/collection-spec/json-schema/collection.json
/baseScenario/_oneOf/1/output/outputProducts/_oneOf/1/_anyOf/0/_anyOf/1/_anyOf/1/providers/description		https://schemas.stacspec.org/v1.0.0/collection-spec/json-schema/collection.json
/baseScenario/_oneOf/1/output/outputProducts/_oneOf/1/_anyOf/0/_anyOf/1/_anyOf/1/providers/roles		https://schemas.stacspec.org/v1.0.0/collection-spec/json-schema/collection.json
/baseScenario/_oneOf/1/output/outputProducts/_oneOf/1/_anyOf/0/_anyOf/1/_anyOf/1/providers/url		https://schemas.stacspec.org/v1.0.0/collection-spec/json-schema/collection.json
/baseScenario/_oneOf/1/output/outputProducts/_oneOf/1/_anyOf/0/_anyOf/1/_anyOf/1/extent		https://schemas.stacspec.org/v1.0.0/collection-spec/json-schema/collection.json
/baseScenario/_oneOf/1/output/outputProducts/_oneOf/1/_anyOf/0/_anyOf/1/_anyOf/1/extent/spatial		https://schemas.stacspec.org/v1.0.0/collection-spec/json-schema/collection.json
/baseScenario/_oneOf/1/output/outputProducts/_oneOf/1/_anyOf/0/_anyOf/1/_anyOf/1/extent/spatial/bbox		https://schemas.stacspec.org/v1.0.0/collection-spec/json-schema/collection.json
/baseScenario/_oneOf/1/output/outputProducts/_oneOf/1/_anyOf/0/_anyOf/1/_anyOf/1/extent/temporal		https://schemas.stacspec.org/v1.0.0/collection-spec/json-schema/collection.json
/baseScenario/_oneOf/1/output/outputProducts/_oneOf/1/_anyOf/0/_anyOf/1/_anyOf/1/extent/temporal/interval		https://schemas.stacspec.org/v1.0.0/collection-spec/json-schema/collection.json
/baseScenario/_oneOf/1/output/outputProducts/_oneOf/1/_anyOf/0/_anyOf/1/_anyOf/1/assets		https://schemas.stacspec.org/v1.0.0/collection-spec/json-schema/collection.json
/baseScenario/_oneOf/1/output/outputProducts/_oneOf/1/_anyOf/0/_anyOf/1/_anyOf/1/links		https://schemas.stacspec.org/v1.0.0/collection-spec/json-schema/collection.json
/baseScenario/_oneOf/1/output/outputProducts/_oneOf/1/_anyOf/0/_anyOf/1/_anyOf/1/links/href		https://schemas.stacspec.org/v1.0.0/collection-spec/json-schema/collection.json
/baseScenario/_oneOf/1/output/outputProducts/_oneOf/1/_anyOf/0/_anyOf/1/_anyOf/1/links/rel		https://schemas.stacspec.org/v1.0.0/collection-spec/json-schema/collection.json
/baseScenario/_oneOf/1/output/outputProducts/_oneOf/1/_anyOf/0/_anyOf/1/_anyOf/1/links/type		https://schemas.stacspec.org/v1.0.0/collection-spec/json-schema/collection.json
/baseScenario/_oneOf/1/output/outputProducts/_oneOf/1/_anyOf/0/_anyOf/1/_anyOf/1/links/title		https://schemas.stacspec.org/v1.0.0/collection-spec/json-schema/collection.json
/baseScenario/_oneOf/1/output/outputProducts/_oneOf/1/_anyOf/0/_anyOf/1/_anyOf/1/summaries		https://schemas.stacspec.org/v1.0.0/collection-spec/json-schema/collection.json
/baseScenario/_oneOf/1/output/outputProducts/_oneOf/1/_anyOf/0/_anyOf/1/_anyOf/1/summaries/_anyOf/1/minimum		https://schemas.stacspec.org/v1.0.0/collection-spec/json-schema/collection.json
/baseScenario/_oneOf/1/output/outputProducts/_oneOf/1/_anyOf/0/_anyOf/1/_anyOf/1/summaries/_anyOf/1/maximum		https://schemas.stacspec.org/v1.0.0/collection-spec/json-schema/collection.json
/baseScenario/_oneOf/1/output/outputProducts/_oneOf/1/_anyOf/0/_oneOf/0/type		https://stac-extensions.github.io/themes/v1.0.0/schema.json
/baseScenario/_oneOf/1/output/outputProducts/_oneOf/1/_anyOf/0/_oneOf/0/properties		https://stac-extensions.github.io/themes/v1.0.0/schema.json
/baseScenario/_oneOf/1/output/outputProducts/_oneOf/1/_anyOf/0/_oneOf/0/properties/themes		https://stac-extensions.github.io/themes/v1.0.0/schema.json
/baseScenario/_oneOf/1/output/outputProducts/_oneOf/1/_anyOf/0/_oneOf/0/properties/themes/concepts		https://stac-extensions.github.io/themes/v1.0.0/schema.json
/baseScenario/_oneOf/1/output/outputProducts/_oneOf/1/_anyOf/0/_oneOf/0/properties/themes/concepts/id		https://stac-extensions.github.io/themes/v1.0.0/schema.json
/baseScenario/_oneOf/1/output/outputProducts/_oneOf/1/_anyOf/0/_oneOf/0/properties/themes/concepts/title		https://stac-extensions.github.io/themes/v1.0.0/schema.json
/baseScenario/_oneOf/1/output/outputProducts/_oneOf/1/_anyOf/0/_oneOf/0/properties/themes/concepts/description		https://stac-extensions.github.io/themes/v1.0.0/schema.json
/baseScenario/_oneOf/1/output/outputProducts/_oneOf/1/_anyOf/0/_oneOf/0/properties/themes/concepts/url		https://stac-extensions.github.io/themes/v1.0.0/schema.json
/baseScenario/_oneOf/1/output/outputProducts/_oneOf/1/_anyOf/0/_oneOf/0/properties/themes/scheme		https://stac-extensions.github.io/themes/v1.0.0/schema.json
/baseScenario/_oneOf/1/output/outputProducts/_oneOf/1/_anyOf/0/_oneOf/1/type		https://stac-extensions.github.io/themes/v1.0.0/schema.json
/baseScenario/_oneOf/1/output/outputProducts/_oneOf/1/_anyOf/0/_oneOf/2/_anyOf/1/summaries		https://stac-extensions.github.io/themes/v1.0.0/schema.json
/baseScenario/_oneOf/1/output/outputProducts/_oneOf/1/_anyOf/0/_oneOf/2/type		https://stac-extensions.github.io/themes/v1.0.0/schema.json
/baseScenario/_oneOf/1/output/outputProducts/_oneOf/1/_anyOf/0/stac_extensions		https://stac-extensions.github.io/themes/v1.0.0/schema.json
/baseScenario/_oneOf/1/output/outputProducts/_oneOf/1/_anyOf/0/themes	https://w3id.org/ogc/stac/themes/schemes	https://ogcincubator.github.io/bblocks-stac/build/annotated/contrib/stac/extensions/themes/schema.yaml
/baseScenario/_oneOf/1/output/outputProducts/_oneOf/1/_anyOf/0/_oneOf/0/properties/_oneOf/0/osc:type		https://stac-extensions.github.io/osc/v1.0.0/schema.json
/baseScenario/_oneOf/1/output/outputProducts/_oneOf/1/_anyOf/0/_oneOf/0/properties/_oneOf/0/osc:status		https://stac-extensions.github.io/osc/v1.0.0/schema.json
/baseScenario/_oneOf/1/output/outputProducts/_oneOf/1/_anyOf/0/_oneOf/0/properties/_oneOf/0/osc:project		https://stac-extensions.github.io/osc/v1.0.0/schema.json
/baseScenario/_oneOf/1/output/outputProducts/_oneOf/1/_anyOf/0/_oneOf/0/properties/_oneOf/0/osc:region		https://stac-extensions.github.io/osc/v1.0.0/schema.json
/baseScenario/_oneOf/1/output/outputProducts/_oneOf/1/_anyOf/0/_oneOf/0/properties/_oneOf/0/osc:variables		https://stac-extensions.github.io/osc/v1.0.0/schema.json
/baseScenario/_oneOf/1/output/outputProducts/_oneOf/1/_anyOf/0/_oneOf/0/properties/_oneOf/0/osc:missions		https://stac-extensions.github.io/osc/v1.0.0/schema.json
/baseScenario/_oneOf/1/output/outputProducts/_oneOf/1/_anyOf/0/_oneOf/0/properties/_oneOf/0/osc:experiment		https://stac-extensions.github.io/osc/v1.0.0/schema.json
/baseScenario/_oneOf/1/output/outputProducts/_oneOf/1/_anyOf/0/_oneOf/0/properties/_oneOf/1/osc:type		https://stac-extensions.github.io/osc/v1.0.0/schema.json
/baseScenario/_oneOf/1/output/outputProducts/_oneOf/1/_anyOf/0/_oneOf/0/properties/_oneOf/1/osc:status		https://stac-extensions.github.io/osc/v1.0.0/schema.json
/baseScenario/_oneOf/1/output/outputProducts/_oneOf/1/_anyOf/0/_oneOf/0/properties/_oneOf/1/osc:workflows		https://stac-extensions.github.io/osc/v1.0.0/schema.json
/baseScenario/_oneOf/1/output/outputProducts/_oneOf/1/_anyOf/0/wasInfluencedBy	http://www.w3.org/ns/prov#wasInfluencedBy	https://ogcincubator.github.io/bblock-prov-schema/build/annotated/ogc-utils/prov/schema.yaml
/baseScenario/_oneOf/1/output/outputProducts/_oneOf/1/_anyOf/0/wasInfluencedBy/_anyOf/0/_oneOf/1/id	@id	https://ogcincubator.github.io/bblock-prov-schema/build/annotated/ogc-utils/prov-activity/schema.yaml
/baseScenario/_oneOf/1/output/outputProducts/_oneOf/1/_anyOf/0/wasInfluencedBy/_anyOf/0/_oneOf/1/provType	@type	https://ogcincubator.github.io/bblock-prov-schema/build/annotated/ogc-utils/prov-activity/schema.yaml
/baseScenario/_oneOf/1/output/outputProducts/_oneOf/1/_anyOf/0/wasInfluencedBy/_anyOf/0/_oneOf/1/prov:type		https://ogcincubator.github.io/bblock-prov-schema/build/annotated/ogc-utils/prov-activity/schema.yaml
/baseScenario/_oneOf/1/output/outputProducts/_oneOf/1/_anyOf/0/wasInfluencedBy/_anyOf/0/_oneOf/1/activityType	@type	https://ogcincubator.github.io/bblock-prov-schema/build/annotated/ogc-utils/prov-activity/schema.yaml
/baseScenario/_oneOf/1/output/outputProducts/_oneOf/1/_anyOf/0/wasInfluencedBy/_anyOf/0/_oneOf/1/endedAtTime	http://www.w3.org/ns/prov#endedAtTime	https://ogcincubator.github.io/bblock-prov-schema/build/annotated/ogc-utils/prov-activity/schema.yaml
/baseScenario/_oneOf/1/output/outputProducts/_oneOf/1/_anyOf/0/wasInfluencedBy/_anyOf/0/_oneOf/1/wasAssociatedWith	http://www.w3.org/ns/prov#wasAssociatedWith	https://ogcincubator.github.io/bblock-prov-schema/build/annotated/ogc-utils/prov-activity/schema.yaml
/baseScenario/_oneOf/1/output/outputProducts/_oneOf/1/_anyOf/0/wasInfluencedBy/_anyOf/0/_oneOf/1/wasAssociatedWith/_oneOf/1/agentType	@type	https://ogcincubator.github.io/bblock-prov-schema/build/annotated/ogc-utils/prov-agent/schema.yaml
/baseScenario/_oneOf/1/output/outputProducts/_oneOf/1/_anyOf/0/wasInfluencedBy/_anyOf/0/_oneOf/1/wasAssociatedWith/_oneOf/1/provType	@type	https://ogcincubator.github.io/bblock-prov-schema/build/annotated/ogc-utils/prov-agent/schema.yaml
/baseScenario/_oneOf/1/output/outputProducts/_oneOf/1/_anyOf/0/wasInfluencedBy/_anyOf/0/_oneOf/1/wasAssociatedWith/_oneOf/1/prov:type		https://ogcincubator.github.io/bblock-prov-schema/build/annotated/ogc-utils/prov-agent/schema.yaml
/baseScenario/_oneOf/1/output/outputProducts/_oneOf/1/_anyOf/0/wasInfluencedBy/_anyOf/0/_oneOf/1/wasAssociatedWith/_oneOf/1/name	http://www.w3.org/2000/01/rdf-schema#label	https://ogcincubator.github.io/bblock-prov-schema/build/annotated/ogc-utils/prov-agent/schema.yaml
/baseScenario/_oneOf/1/output/outputProducts/_oneOf/1/_anyOf/0/wasInfluencedBy/_anyOf/0/_oneOf/1/wasAssociatedWith/_oneOf/1/id	@id	https://ogcincubator.github.io/bblock-prov-schema/build/annotated/ogc-utils/prov-agent/schema.yaml
/baseScenario/_oneOf/1/output/outputProducts/_oneOf/1/_anyOf/0/wasInfluencedBy/_anyOf/0/_oneOf/1/wasAssociatedWith/_oneOf/1/actedOnBehalfOf	http://www.w3.org/ns/prov#actedOnBehalfOf	https://ogcincubator.github.io/bblock-prov-schema/build/annotated/ogc-utils/prov-agent/schema.yaml
/baseScenario/_oneOf/1/output/outputProducts/_oneOf/1/_anyOf/0/wasInfluencedBy/_anyOf/0/_oneOf/1/wasAssociatedWith/_oneOf/1/atLocation	http://www.w3.org/ns/prov#atLocation	https://ogcincubator.github.io/bblock-prov-schema/build/annotated/ogc-utils/prov-agent/schema.yaml
/baseScenario/_oneOf/1/output/outputProducts/_oneOf/1/_anyOf/0/wasInfluencedBy/_anyOf/0/_oneOf/1/wasAssociatedWith/_oneOf/1/qualifiedDelegation	http://www.w3.org/ns/prov#qualifiedDelegation	https://ogcincubator.github.io/bblock-prov-schema/build/annotated/ogc-utils/prov-agent/schema.yaml
/baseScenario/_oneOf/1/output/outputProducts/_oneOf/1/_anyOf/0/wasInfluencedBy/_anyOf/0/_oneOf/1/wasAssociatedWith/_oneOf/1/qualifiedDelegation/_oneOf/1/id	@id	https://ogcincubator.github.io/bblock-prov-schema/build/annotated/ogc-utils/prov-activity/schema.yaml
/baseScenario/_oneOf/1/output/outputProducts/_oneOf/1/_anyOf/0/wasInfluencedBy/_anyOf/0/_oneOf/1/wasAssociatedWith/_oneOf/1/qualifiedDelegation/_oneOf/1/type		https://ogcincubator.github.io/bblock-prov-schema/build/annotated/ogc-utils/prov-activity/schema.yaml
/baseScenario/_oneOf/1/output/outputProducts/_oneOf/1/_anyOf/0/wasInfluencedBy/_anyOf/0/_oneOf/1/wasAssociatedWith/_oneOf/1/qualifiedDelegation/_oneOf/1/agent	http://www.w3.org/ns/prov#agent	https://ogcincubator.github.io/bblock-prov-schema/build/annotated/ogc-utils/prov-activity/schema.yaml
/baseScenario/_oneOf/1/output/outputProducts/_oneOf/1/_anyOf/0/wasInfluencedBy/_anyOf/0/_oneOf/1/wasAssociatedWith/_oneOf/1/qualifiedDelegation/_oneOf/1/hadActivity	http://www.w3.org/ns/prov#hadActivity	https://ogcincubator.github.io/bblock-prov-schema/build/annotated/ogc-utils/prov-activity/schema.yaml
/baseScenario/_oneOf/1/output/outputProducts/_oneOf/1/_anyOf/0/wasInfluencedBy/_anyOf/0/_oneOf/1/wasInformedBy	http://www.w3.org/ns/prov#wasInformedBy	https://ogcincubator.github.io/bblock-prov-schema/build/annotated/ogc-utils/prov-activity/schema.yaml
/baseScenario/_oneOf/1/output/outputProducts/_oneOf/1/_anyOf/0/wasInfluencedBy/_anyOf/0/_oneOf/1/used	http://www.w3.org/ns/prov#used	https://ogcincubator.github.io/bblock-prov-schema/build/annotated/ogc-utils/prov-activity/schema.yaml
/baseScenario/_oneOf/1/output/outputProducts/_oneOf/1/_anyOf/0/wasInfluencedBy/_anyOf/0/_oneOf/1/wasStartedBy	http://www.w3.org/ns/prov#wasStartedBy	https://ogcincubator.github.io/bblock-prov-schema/build/annotated/ogc-utils/prov-activity/schema.yaml
/baseScenario/_oneOf/1/output/outputProducts/_oneOf/1/_anyOf/0/wasInfluencedBy/_anyOf/0/_oneOf/1/wasEndedBy	http://www.w3.org/ns/prov#wasEndedBy	https://ogcincubator.github.io/bblock-prov-schema/build/annotated/ogc-utils/prov-activity/schema.yaml
/baseScenario/_oneOf/1/output/outputProducts/_oneOf/1/_anyOf/0/wasInfluencedBy/_anyOf/0/_oneOf/1/invalidated	http://www.w3.org/ns/prov#invalidated	https://ogcincubator.github.io/bblock-prov-schema/build/annotated/ogc-utils/prov-activity/schema.yaml
/baseScenario/_oneOf/1/output/outputProducts/_oneOf/1/_anyOf/0/wasInfluencedBy/_anyOf/0/_oneOf/1/generated	http://www.w3.org/ns/prov#generated	https://ogcincubator.github.io/bblock-prov-schema/build/annotated/ogc-utils/prov-activity/schema.yaml
/baseScenario/_oneOf/1/output/outputProducts/_oneOf/1/_anyOf/0/wasInfluencedBy/_anyOf/0/_oneOf/1/atLocation	http://www.w3.org/ns/prov#atLocation	https://ogcincubator.github.io/bblock-prov-schema/build/annotated/ogc-utils/prov-activity/schema.yaml
/baseScenario/_oneOf/1/output/outputProducts/_oneOf/1/_anyOf/0/wasInfluencedBy/_anyOf/0/_oneOf/1/qualifiedUsage	http://www.w3.org/ns/prov#qualifiedUsage	https://ogcincubator.github.io/bblock-prov-schema/build/annotated/ogc-utils/prov-activity/schema.yaml
/baseScenario/_oneOf/1/output/outputProducts/_oneOf/1/_anyOf/0/wasInfluencedBy/_anyOf/0/_oneOf/1/qualifiedUsage/_oneOf/1/id	@id	https://ogcincubator.github.io/bblock-prov-schema/build/annotated/ogc-utils/prov-activity/schema.yaml
/baseScenario/_oneOf/1/output/outputProducts/_oneOf/1/_anyOf/0/wasInfluencedBy/_anyOf/0/_oneOf/1/qualifiedUsage/_oneOf/1/type		https://ogcincubator.github.io/bblock-prov-schema/build/annotated/ogc-utils/prov-activity/schema.yaml
/baseScenario/_oneOf/1/output/outputProducts/_oneOf/1/_anyOf/0/wasInfluencedBy/_anyOf/0/_oneOf/1/qualifiedUsage/_oneOf/1/atTime	http://www.w3.org/ns/prov#atTime	https://ogcincubator.github.io/bblock-prov-schema/build/annotated/ogc-utils/prov-activity/schema.yaml
/baseScenario/_oneOf/1/output/outputProducts/_oneOf/1/_anyOf/0/wasInfluencedBy/_anyOf/0/_oneOf/1/qualifiedUsage/_oneOf/1/entity	http://www.w3.org/ns/prov#entity	https://ogcincubator.github.io/bblock-prov-schema/build/annotated/ogc-utils/prov-activity/schema.yaml
/baseScenario/_oneOf/1/output/outputProducts/_oneOf/1/_anyOf/0/wasInfluencedBy/_anyOf/0/_oneOf/1/qualifiedCommunication	http://www.w3.org/ns/prov#qualifiedCommunication	https://ogcincubator.github.io/bblock-prov-schema/build/annotated/ogc-utils/prov-activity/schema.yaml
/baseScenario/_oneOf/1/output/outputProducts/_oneOf/1/_anyOf/0/wasInfluencedBy/_anyOf/0/_oneOf/1/qualifiedCommunication/_oneOf/1/id	@id	https://ogcincubator.github.io/bblock-prov-schema/build/annotated/ogc-utils/prov-activity/schema.yaml
/baseScenario/_oneOf/1/output/outputProducts/_oneOf/1/_anyOf/0/wasInfluencedBy/_anyOf/0/_oneOf/1/qualifiedCommunication/_oneOf/1/atTime	http://www.w3.org/ns/prov#atTime	https://ogcincubator.github.io/bblock-prov-schema/build/annotated/ogc-utils/prov-activity/schema.yaml
/baseScenario/_oneOf/1/output/outputProducts/_oneOf/1/_anyOf/0/wasInfluencedBy/_anyOf/0/_oneOf/1/qualifiedCommunication/_oneOf/1/hadRole	http://www.w3.org/ns/prov#hadRole	https://ogcincubator.github.io/bblock-prov-schema/build/annotated/ogc-utils/prov-activity/schema.yaml
/baseScenario/_oneOf/1/output/outputProducts/_oneOf/1/_anyOf/0/wasInfluencedBy/_anyOf/0/_oneOf/1/qualifiedCommunication/_oneOf/1/influencer	http://www.w3.org/ns/prov#influencer	https://ogcincubator.github.io/bblock-prov-schema/build/annotated/ogc-utils/prov-activity/schema.yaml
/baseScenario/_oneOf/1/output/outputProducts/_oneOf/1/_anyOf/0/wasInfluencedBy/_anyOf/0/_oneOf/1/qualifiedCommunication/_oneOf/1/hadActivity	http://www.w3.org/ns/prov#hadActivity	https://ogcincubator.github.io/bblock-prov-schema/build/annotated/ogc-utils/prov-activity/schema.yaml
/baseScenario/_oneOf/1/output/outputProducts/_oneOf/1/_anyOf/0/wasInfluencedBy/_anyOf/0/_oneOf/1/qualifiedCommunication/_oneOf/1/activity	http://www.w3.org/ns/prov#activity	https://ogcincubator.github.io/bblock-prov-schema/build/annotated/ogc-utils/prov-activity/schema.yaml
/baseScenario/_oneOf/1/output/outputProducts/_oneOf/1/_anyOf/0/wasInfluencedBy/_anyOf/0/_oneOf/1/qualifiedCommunication/_oneOf/1/type		https://ogcincubator.github.io/bblock-prov-schema/build/annotated/ogc-utils/prov-activity/schema.yaml
/baseScenario/_oneOf/1/output/outputProducts/_oneOf/1/_anyOf/0/wasInfluencedBy/_anyOf/0/_oneOf/1/qualifiedCommunication/_oneOf/2/_oneOf/1/type		https://ogcincubator.github.io/bblock-prov-schema/build/annotated/ogc-utils/prov-activity/schema.yaml
/baseScenario/_oneOf/1/output/outputProducts/_oneOf/1/_anyOf/0/wasInfluencedBy/_anyOf/0/_oneOf/1/qualifiedStart	http://www.w3.org/ns/prov#qualifiedStart	https://ogcincubator.github.io/bblock-prov-schema/build/annotated/ogc-utils/prov-activity/schema.yaml
/baseScenario/_oneOf/1/output/outputProducts/_oneOf/1/_anyOf/0/wasInfluencedBy/_anyOf/0/_oneOf/1/qualifiedStart/_oneOf/1/id	@id	https://ogcincubator.github.io/bblock-prov-schema/build/annotated/ogc-utils/prov-activity/schema.yaml
/baseScenario/_oneOf/1/output/outputProducts/_oneOf/1/_anyOf/0/wasInfluencedBy/_anyOf/0/_oneOf/1/qualifiedStart/_oneOf/1/type		https://ogcincubator.github.io/bblock-prov-schema/build/annotated/ogc-utils/prov-activity/schema.yaml
/baseScenario/_oneOf/1/output/outputProducts/_oneOf/1/_anyOf/0/wasInfluencedBy/_anyOf/0/_oneOf/1/qualifiedStart/_oneOf/1/atTime	http://www.w3.org/ns/prov#atTime	https://ogcincubator.github.io/bblock-prov-schema/build/annotated/ogc-utils/prov-activity/schema.yaml
/baseScenario/_oneOf/1/output/outputProducts/_oneOf/1/_anyOf/0/wasInfluencedBy/_anyOf/0/_oneOf/1/qualifiedStart/_oneOf/1/entity	http://www.w3.org/ns/prov#entity	https://ogcincubator.github.io/bblock-prov-schema/build/annotated/ogc-utils/prov-activity/schema.yaml
/baseScenario/_oneOf/1/output/outputProducts/_oneOf/1/_anyOf/0/wasInfluencedBy/_anyOf/0/_oneOf/1/qualifiedStart/_oneOf/1/hadActivity	http://www.w3.org/ns/prov#hadActivity	https://ogcincubator.github.io/bblock-prov-schema/build/annotated/ogc-utils/prov-activity/schema.yaml
/baseScenario/_oneOf/1/output/outputProducts/_oneOf/1/_anyOf/0/wasInfluencedBy/_anyOf/0/_oneOf/1/qualifiedEnd	http://www.w3.org/ns/prov#qualifiedEnd	https://ogcincubator.github.io/bblock-prov-schema/build/annotated/ogc-utils/prov-activity/schema.yaml
/baseScenario/_oneOf/1/output/outputProducts/_oneOf/1/_anyOf/0/wasInfluencedBy/_anyOf/0/_oneOf/1/qualifiedEnd/_oneOf/1/type		https://ogcincubator.github.io/bblock-prov-schema/build/annotated/ogc-utils/prov-activity/schema.yaml
/baseScenario/_oneOf/1/output/outputProducts/_oneOf/1/_anyOf/0/wasInfluencedBy/_anyOf/0/_oneOf/1/qualifiedAssociation	http://www.w3.org/ns/prov#qualifiedAssociation	https://ogcincubator.github.io/bblock-prov-schema/build/annotated/ogc-utils/prov-activity/schema.yaml
/baseScenario/_oneOf/1/output/outputProducts/_oneOf/1/_anyOf/0/wasInfluencedBy/_anyOf/0/_oneOf/1/qualifiedAssociation/_oneOf/1/id	@id	https://ogcincubator.github.io/bblock-prov-schema/build/annotated/ogc-utils/prov-agent/schema.yaml
/baseScenario/_oneOf/1/output/outputProducts/_oneOf/1/_anyOf/0/wasInfluencedBy/_anyOf/0/_oneOf/1/qualifiedAssociation/_oneOf/1/type		https://ogcincubator.github.io/bblock-prov-schema/build/annotated/ogc-utils/prov-agent/schema.yaml
/baseScenario/_oneOf/1/output/outputProducts/_oneOf/1/_anyOf/0/wasInfluencedBy/_anyOf/0/_oneOf/1/qualifiedAssociation/_oneOf/1/agent	http://www.w3.org/ns/prov#agent	https://ogcincubator.github.io/bblock-prov-schema/build/annotated/ogc-utils/prov-agent/schema.yaml
/baseScenario/_oneOf/1/output/outputProducts/_oneOf/1/_anyOf/0/wasInfluencedBy/_anyOf/0/_oneOf/1/qualifiedAssociation/_oneOf/1/hadRole	http://www.w3.org/ns/prov#hadRole	https://ogcincubator.github.io/bblock-prov-schema/build/annotated/ogc-utils/prov-agent/schema.yaml
/baseScenario/_oneOf/1/output/outputProducts/_oneOf/1/_anyOf/0/wasInfluencedBy/_anyOf/0/_oneOf/1/qualifiedAssociation/_oneOf/1/hadPlan	http://www.w3.org/ns/prov#hadPlan	https://ogcincubator.github.io/bblock-prov-schema/build/annotated/ogc-utils/prov-agent/schema.yaml
/baseScenario/_oneOf/1/output/outputProducts/_oneOf/1/_anyOf/0/qualifiedInfluence	http://www.w3.org/ns/prov#qualifiedInfluence	https://ogcincubator.github.io/bblock-prov-schema/build/annotated/ogc-utils/prov/schema.yaml
/baseScenario/_oneOf/1/output/outputProducts/_oneOf/1/_anyOf/0/qualifiedInfluence/_oneOf/1/id	@id	https://ogcincubator.github.io/bblock-prov-schema/build/annotated/ogc-utils/prov/schema.yaml
/baseScenario/_oneOf/1/output/outputProducts/_oneOf/1/_anyOf/0/qualifiedInfluence/_oneOf/1/influencer	http://www.w3.org/ns/prov#influencer	https://ogcincubator.github.io/bblock-prov-schema/build/annotated/ogc-utils/prov/schema.yaml
/baseScenario/_oneOf/1/output/outputProducts/_oneOf/1/_anyOf/0/qualifiedInfluence/_oneOf/1/entity	http://www.w3.org/ns/prov#entity	https://ogcincubator.github.io/bblock-prov-schema/build/annotated/ogc-utils/prov/schema.yaml
/baseScenario/_oneOf/1/output/outputProducts/_oneOf/1/_anyOf/0/qualifiedInfluence/_oneOf/1/activity	http://www.w3.org/ns/prov#activity	https://ogcincubator.github.io/bblock-prov-schema/build/annotated/ogc-utils/prov/schema.yaml
/baseScenario/_oneOf/1/output/outputProducts/_oneOf/1/_anyOf/0/qualifiedInfluence/_oneOf/1/agent	http://www.w3.org/ns/prov#agent	https://ogcincubator.github.io/bblock-prov-schema/build/annotated/ogc-utils/prov/schema.yaml
/baseScenario/_oneOf/1/output/outputProducts/_oneOf/1/_anyOf/0/_anyOf/0/type		https://ogcincubator.github.io/bblock-prov-schema/build/annotated/ogc-utils/prov-entity/schema.yaml
/baseScenario/_oneOf/1/output/outputProducts/_oneOf/1/_anyOf/0/_anyOf/0/hadMember	http://www.w3.org/ns/prov#hadMember	https://ogcincubator.github.io/bblock-prov-schema/build/annotated/ogc-utils/prov-entity/schema.yaml
/baseScenario/_oneOf/1/output/outputProducts/_oneOf/1/_anyOf/0/_anyOf/1/type		https://ogcincubator.github.io/bblock-prov-schema/build/annotated/ogc-utils/prov-entity/schema.yaml
/baseScenario/_oneOf/1/output/outputProducts/_oneOf/1/_anyOf/0/_anyOf/1/hadMember	http://www.w3.org/ns/prov#hadMember	https://ogcincubator.github.io/bblock-prov-schema/build/annotated/ogc-utils/prov-entity/schema.yaml
/baseScenario/_oneOf/1/output/outputProducts/_oneOf/1/_anyOf/0/id	@id	https://ogcincubator.github.io/bblock-prov-schema/build/annotated/ogc-utils/prov-entity/schema.yaml
/baseScenario/_oneOf/1/output/outputProducts/_oneOf/1/_anyOf/0/provType	@type	https://ogcincubator.github.io/bblock-prov-schema/build/annotated/ogc-utils/prov-entity/schema.yaml
/baseScenario/_oneOf/1/output/outputProducts/_oneOf/1/_anyOf/0/prov:type		https://ogcincubator.github.io/bblock-prov-schema/build/annotated/ogc-utils/prov-entity/schema.yaml
/baseScenario/_oneOf/1/output/outputProducts/_oneOf/1/_anyOf/0/featureType	@type	https://ogcincubator.github.io/bblock-prov-schema/build/annotated/ogc-utils/prov-entity/schema.yaml
/baseScenario/_oneOf/1/output/outputProducts/_oneOf/1/_anyOf/0/entityType	@type	https://ogcincubator.github.io/bblock-prov-schema/build/annotated/ogc-utils/prov-entity/schema.yaml
/baseScenario/_oneOf/1/output/outputProducts/_oneOf/1/_anyOf/0/has_provenance	http://purl.org/dc/terms/provenance	https://ogcincubator.github.io/bblock-prov-schema/build/annotated/ogc-utils/prov-entity/schema.yaml
/baseScenario/_oneOf/1/output/outputProducts/_oneOf/1/_anyOf/0/wasGeneratedBy	http://www.w3.org/ns/prov#wasGeneratedBy	https://ogcincubator.github.io/bblock-prov-schema/build/annotated/ogc-utils/prov-entity/schema.yaml
/baseScenario/_oneOf/1/output/outputProducts/_oneOf/1/_anyOf/0/wasAttributedTo	http://www.w3.org/ns/prov#wasAttributedTo	https://ogcincubator.github.io/bblock-prov-schema/build/annotated/ogc-utils/prov-entity/schema.yaml
/baseScenario/_oneOf/1/output/outputProducts/_oneOf/1/_anyOf/0/wasDerivedFrom	http://www.w3.org/ns/prov#wasDerivedFrom	https://ogcincubator.github.io/bblock-prov-schema/build/annotated/ogc-utils/prov-entity/schema.yaml
/baseScenario/_oneOf/1/output/outputProducts/_oneOf/1/_anyOf/0/alternateOf	http://www.w3.org/ns/prov#alternateOf	https://ogcincubator.github.io/bblock-prov-schema/build/annotated/ogc-utils/prov-entity/schema.yaml
/baseScenario/_oneOf/1/output/outputProducts/_oneOf/1/_anyOf/0/hadPrimarySource	http://www.w3.org/ns/prov#hadPrimarySource	https://ogcincubator.github.io/bblock-prov-schema/build/annotated/ogc-utils/prov-entity/schema.yaml
/baseScenario/_oneOf/1/output/outputProducts/_oneOf/1/_anyOf/0/specializationOf	http://www.w3.org/ns/prov#specializationOf	https://ogcincubator.github.io/bblock-prov-schema/build/annotated/ogc-utils/prov-entity/schema.yaml
/baseScenario/_oneOf/1/output/outputProducts/_oneOf/1/_anyOf/0/wasInvalidatedBy	http://www.w3.org/ns/prov#wasInvalidatedBy	https://ogcincubator.github.io/bblock-prov-schema/build/annotated/ogc-utils/prov-entity/schema.yaml
/baseScenario/_oneOf/1/output/outputProducts/_oneOf/1/_anyOf/0/wasQuotedFrom	http://www.w3.org/ns/prov#wasQuotedFrom	https://ogcincubator.github.io/bblock-prov-schema/build/annotated/ogc-utils/prov-entity/schema.yaml
/baseScenario/_oneOf/1/output/outputProducts/_oneOf/1/_anyOf/0/wasRevisionOf	http://www.w3.org/ns/prov#wasRevisionOf	https://ogcincubator.github.io/bblock-prov-schema/build/annotated/ogc-utils/prov-entity/schema.yaml
/baseScenario/_oneOf/1/output/outputProducts/_oneOf/1/_anyOf/0/atLocation	http://www.w3.org/ns/prov#atLocation	https://ogcincubator.github.io/bblock-prov-schema/build/annotated/ogc-utils/prov-entity/schema.yaml
/baseScenario/_oneOf/1/output/outputProducts/_oneOf/1/_anyOf/0/links	http://www.w3.org/2000/01/rdf-schema#seeAlso	https://ogcincubator.github.io/bblock-prov-schema/build/annotated/ogc-utils/prov-entity/schema.yaml
/baseScenario/_oneOf/1/output/outputProducts/_oneOf/1/_anyOf/0/qualifiedGeneration	http://www.w3.org/ns/prov#qualifiedGeneration	https://ogcincubator.github.io/bblock-prov-schema/build/annotated/ogc-utils/prov-entity/schema.yaml
/baseScenario/_oneOf/1/output/outputProducts/_oneOf/1/_anyOf/0/qualifiedGeneration/_oneOf/1/type		https://ogcincubator.github.io/bblock-prov-schema/build/annotated/ogc-utils/prov-activity/schema.yaml
/baseScenario/_oneOf/1/output/outputProducts/_oneOf/1/_anyOf/0/qualifiedInvalidation	http://www.w3.org/ns/prov#qualifiedInvalidation	https://ogcincubator.github.io/bblock-prov-schema/build/annotated/ogc-utils/prov-entity/schema.yaml
/baseScenario/_oneOf/1/output/outputProducts/_oneOf/1/_anyOf/0/qualifiedInvalidation/_oneOf/1/type		https://ogcincubator.github.io/bblock-prov-schema/build/annotated/ogc-utils/prov-activity/schema.yaml
/baseScenario/_oneOf/1/output/outputProducts/_oneOf/1/_anyOf/0/qualifiedDerivation	http://www.w3.org/ns/prov#qualifiedDerivation	https://ogcincubator.github.io/bblock-prov-schema/build/annotated/ogc-utils/prov-entity/schema.yaml
/baseScenario/_oneOf/1/output/outputProducts/_oneOf/1/_anyOf/0/qualifiedDerivation/_oneOf/1/id	@id	https://ogcincubator.github.io/bblock-prov-schema/build/annotated/ogc-utils/prov-activity/schema.yaml
/baseScenario/_oneOf/1/output/outputProducts/_oneOf/1/_anyOf/0/qualifiedDerivation/_oneOf/1/type		https://ogcincubator.github.io/bblock-prov-schema/build/annotated/ogc-utils/prov-activity/schema.yaml
/baseScenario/_oneOf/1/output/outputProducts/_oneOf/1/_anyOf/0/qualifiedDerivation/_oneOf/1/hadGeneration	http://www.w3.org/ns/prov#hadGeneration	https://ogcincubator.github.io/bblock-prov-schema/build/annotated/ogc-utils/prov-activity/schema.yaml
/baseScenario/_oneOf/1/output/outputProducts/_oneOf/1/_anyOf/0/qualifiedDerivation/_oneOf/1/hadActivity	http://www.w3.org/ns/prov#hadActivity	https://ogcincubator.github.io/bblock-prov-schema/build/annotated/ogc-utils/prov-activity/schema.yaml
/baseScenario/_oneOf/1/output/outputProducts/_oneOf/1/_anyOf/0/qualifiedDerivation/_oneOf/1/hadUsage	http://www.w3.org/ns/prov#hadUsage	https://ogcincubator.github.io/bblock-prov-schema/build/annotated/ogc-utils/prov-activity/schema.yaml
/baseScenario/_oneOf/1/output/outputProducts/_oneOf/1/_anyOf/0/qualifiedDerivation/_oneOf/1/entity	http://www.w3.org/ns/prov#entity	https://ogcincubator.github.io/bblock-prov-schema/build/annotated/ogc-utils/prov-activity/schema.yaml
/baseScenario/_oneOf/1/output/outputProducts/_oneOf/1/_anyOf/0/qualifiedAttribution	http://www.w3.org/ns/prov#qualifiedAttribution	https://ogcincubator.github.io/bblock-prov-schema/build/annotated/ogc-utils/prov-entity/schema.yaml
/baseScenario/_oneOf/1/output/outputProducts/_oneOf/1/_anyOf/0/qualifiedAttribution/_oneOf/1/id	@id	https://ogcincubator.github.io/bblock-prov-schema/build/annotated/ogc-utils/prov-activity/schema.yaml
/baseScenario/_oneOf/1/output/outputProducts/_oneOf/1/_anyOf/0/qualifiedAttribution/_oneOf/1/type		https://ogcincubator.github.io/bblock-prov-schema/build/annotated/ogc-utils/prov-activity/schema.yaml
/baseScenario/_oneOf/1/output/outputProducts/_oneOf/1/_anyOf/0/qualifiedAttribution/_oneOf/1/agent	http://www.w3.org/ns/prov#agent	https://ogcincubator.github.io/bblock-prov-schema/build/annotated/ogc-utils/prov-activity/schema.yaml
/baseScenario/_oneOf/1/output/outputProducts/_oneOf/1/_anyOf/0/_oneOf/0/cf:parameter		https://stac-extensions.github.io/cf/v0.2.0/schema.json
/baseScenario/_oneOf/1/output/outputProducts/_oneOf/1/_anyOf/0/_oneOf/0/cf:parameter/name		https://stac-extensions.github.io/cf/v0.2.0/schema.json
/baseScenario/_oneOf/1/output/outputProducts/_oneOf/1/_anyOf/0/_oneOf/0/cf:parameter/unit		https://stac-extensions.github.io/cf/v0.2.0/schema.json
/baseScenario/_oneOf/1/output/outputProducts/_oneOf/1/_anyOf/0/_oneOf/0/item_assets		https://stac-extensions.github.io/cf/v0.2.0/schema.json
/baseScenario/_oneOf/1/output/outputProducts/_oneOf/1/_anyOf/0/_oneOf/0/summaries		https://stac-extensions.github.io/cf/v0.2.0/schema.json
/baseScenario/_oneOf/1/output/outputProducts/_oneOf/1/_anyOf/0/_oneOf/0/summaries/_oneOf/1/cf:parameter		https://stac-extensions.github.io/cf/v0.2.0/schema.json
/baseScenario/_oneOf/1/output/outputProducts/_oneOf/1/_anyOf/0/_oneOf/0/summaries/_oneOf/1/cf:parameter/type		https://stac-extensions.github.io/cf/v0.2.0/schema.json
/baseScenario/_oneOf/1/output/outputProducts/_oneOf/1/_anyOf/0/_oneOf/1/assets		https://stac-extensions.github.io/cf/v0.2.0/schema.json
/baseScenario/_oneOf/1/output/outputProducts/_oneOf/1/_anyOf/0/_oneOf/1/properties		https://stac-extensions.github.io/cf/v0.2.0/schema.json
/baseScenario/_oneOf/1/output/outputProducts/_oneOf/1/_anyOf/0/assets		https://stac-extensions.github.io/cf/v0.2.0/schema.json
/baseScenario/_oneOf/1/output/outputProducts/_oneOf/1/osc:type		https://ogcincubator.github.io/bblocks-openscience/build/annotated/osc/geodcat-stac-earthcode/products/schema.yaml
/baseScenario/_oneOf/1/output/outputProducts/_oneOf/1/type		https://ogcincubator.github.io/bblocks-openscience/build/annotated/osc/geodcat-stac-earthcode/products/schema.yaml
/baseScenario/_oneOf/1/plugins	http://www.w3.org/ns/prov#used	https://ogcincubator.github.io/bblocks-seadots/build/annotated/hosted/seadots/poseidon-input-scenario/schema.yaml
/algorithm	https://schema.org/algorithm	/github/workspace/build/annotated/hosted/seadots/poseidon-input-optimization/schema.yaml
/parameters	https://schema.org/variableMeasured	/github/workspace/build/annotated/hosted/seadots/poseidon-input-optimization/schema.yaml
/parameters/name		/github/workspace/build/annotated/hosted/seadots/poseidon-input-optimization/schema.yaml
/parameters/adaptor		/github/workspace/build/annotated/hosted/seadots/poseidon-input-optimization/schema.yaml
/parameters/lowerBound		/github/workspace/build/annotated/hosted/seadots/poseidon-input-optimization/schema.yaml
/parameters/upperBound		/github/workspace/build/annotated/hosted/seadots/poseidon-input-optimization/schema.yaml
/parameters/values		/github/workspace/build/annotated/hosted/seadots/poseidon-input-optimization/schema.yaml
/objective	https://schema.org/target	/github/workspace/build/annotated/hosted/seadots/poseidon-input-optimization/schema.yaml
/objective/metric		/github/workspace/build/annotated/hosted/seadots/poseidon-input-optimization/schema.yaml
/objective/direction		/github/workspace/build/annotated/hosted/seadots/poseidon-input-optimization/schema.yaml
/objective/expression		/github/workspace/build/annotated/hosted/seadots/poseidon-input-optimization/schema.yaml
/simulationBudget		/github/workspace/build/annotated/hosted/seadots/poseidon-input-optimization/schema.yaml
/seed		/github/workspace/build/annotated/hosted/seadots/poseidon-input-optimization/schema.yaml
/replicatesPerEvaluation		/github/workspace/build/annotated/hosted/seadots/poseidon-input-optimization/schema.yaml
